filename,width,height,class,xmin,ymin,xmax,ymax
d96.jpg,729,486,dog,130,23,597,486
78.jpg,1300,731,lion,116,100,1190,649
d110.jpg,615,409,dog,62,46,528,379
d49.jpg,634,654,dog,128,42,569,555
996.jpg,640,395,Hippopotamus,42,180,248,365
996.jpg,640,395,Hippopotamus,257,47,587,366
355.jpg,768,768,bear,3,85,759,751
635.jpg,638,479,elephant,230,119,399,470
635.jpg,638,479,person,263,42,329,122
635.jpg,638,479,person,132,233,167,329
635.jpg,638,479,person,56,224,86,321
635.jpg,638,479,person,29,213,68,299
635.jpg,638,479,person,411,251,454,357
635.jpg,638,479,person,534,250,569,374
635.jpg,638,479,person,558,234,597,332
635.jpg,638,479,person,155,235,177,316
301.jpg,1300,866,Deer,259,8,1208,791
876.jpg,877,500,zebra,191,10,743,423
733.jpg,1300,956,rhinoceros,404,146,845,763
514.jpg,2048,1363,buffalo,172,304,1891,1049
317.jpg,926,617,lion,399,230,644,534
317.jpg,926,617,lion,527,85,748,330
317.jpg,926,617,buffalo,624,195,853,510
857.jpg,540,750,zebra,15,236,499,750
612.jpg,500,384,elephant,86,136,442,326
88.jpg,1920,1080,lion,784,131,1354,843
811.jpg,725,900,dog,263,121,614,900
889.jpg,1280,720,zebra,218,158,1162,720
889.jpg,1280,720,tiger,54,26,694,700
546.jpg,928,619,elephant,271,105,733,528
c48.jpg,964,583,tiger,1,34,577,518
c48.jpg,964,583,lion,418,3,964,545
171.jpg,400,600,leopard,6,4,400,590
642.jpg,2272,1704,elephant,489,1,2057,1484
d130.jpg,900,506,dog,268,32,807,489
1100.jpg,1095,344,Crocodile,165,108,1092,326
585.jpg,267,189,elephant,96,45,237,178
585.jpg,267,189,elephant,207,1,266,127
695.jpg,350,191,rhinoceros,34,7,322,171
325.jpg,700,467,lion,232,236,329,461
325.jpg,700,467,lion,162,216,232,375
325.jpg,700,467,lion,520,246,666,389
325.jpg,700,467,buffalo,505,127,601,287
325.jpg,700,467,buffalo,441,129,508,282
325.jpg,700,467,buffalo,599,148,667,279
325.jpg,700,467,buffalo,401,138,450,264
325.jpg,700,467,buffalo,323,125,402,276
325.jpg,700,467,buffalo,254,144,331,275
325.jpg,700,467,buffalo,196,126,262,250
325.jpg,700,467,buffalo,105,102,203,231
325.jpg,700,467,buffalo,20,89,96,215
325.jpg,700,467,buffalo,44,72,156,136
325.jpg,700,467,buffalo,306,92,424,165
325.jpg,700,467,buffalo,234,53,397,129
325.jpg,700,467,buffalo,395,58,494,123
d71.jpg,970,582,dog,767,137,952,500
d71.jpg,970,582,dog,610,94,780,368
d71.jpg,970,582,dog,335,159,570,580
d71.jpg,970,582,dog,203,194,367,532
d71.jpg,970,582,dog,130,2,312,360
d71.jpg,970,582,dog,84,57,178,305
1014.jpg,799,554,Hippopotamus,416,93,799,447
1014.jpg,799,554,Hippopotamus,69,131,429,455
25.jpg,1000,667,tiger,73,4,1000,585
356.jpg,3600,2451,bear,835,355,2864,2337
505.jpg,480,360,bison,132,118,259,246
505.jpg,480,360,bison,280,164,384,268
d78.jpg,1200,756,dog,11,12,1181,756
273.jpg,600,384,Deer,129,98,343,322
483.jpg,448,313,buffalo,123,19,377,293
920.jpg,259,194,zebra,48,1,255,193
920.jpg,259,194,zebra,1,1,175,140
c102.jpg,1280,720,dog,128,18,574,716
c102.jpg,1280,720,tiger,436,96,972,662
m1.jpg,1280,720,monkey,378,8,1086,712
788.jpg,1024,683,hyena,1,41,847,585
655.jpg,800,448,elephant,98,247,311,396
655.jpg,800,448,elephant,330,256,480,380
655.jpg,800,448,elephant,484,218,640,341
655.jpg,800,448,elephant,626,190,718,312
655.jpg,800,448,elephant,721,168,785,265
655.jpg,800,448,elephant,726,102,786,162
655.jpg,800,448,elephant,703,63,756,112
655.jpg,800,448,person,731,387,764,448
655.jpg,800,448,person,676,328,703,400
655.jpg,800,448,person,720,296,756,365
655.jpg,800,448,person,711,292,740,368
655.jpg,800,448,person,636,298,664,363
655.jpg,800,448,person,671,255,703,317
655.jpg,800,448,person,649,163,678,223
655.jpg,800,448,person,536,188,566,243
655.jpg,800,448,person,418,243,436,278
655.jpg,800,448,person,374,233,403,270
655.jpg,800,448,person,76,357,101,440
655.jpg,800,448,person,50,278,73,340
655.jpg,800,448,person,38,252,55,326
655.jpg,800,448,person,133,358,147,448
655.jpg,800,448,person,190,371,213,431
655.jpg,800,448,person,168,347,195,420
655.jpg,800,448,person,91,283,113,347
655.jpg,800,448,person,776,76,796,115
655.jpg,800,448,person,634,7,646,40
655.jpg,800,448,person,470,226,486,280
655.jpg,800,448,person,204,198,233,243
162.jpg,300,370,leopard,32,2,296,370
242.jpg,170,257,bear,6,9,114,233
225.jpg,2197,1463,bear,119,29,2195,1463
d174.jpg,480,360,dog,142,3,300,360
c27.jpg,1200,630,lion,1,7,619,612
c27.jpg,1200,630,tiger,604,149,1182,630
746.jpg,1090,1189,hyena,128,237,433,479
746.jpg,1090,1189,hyena,633,245,992,496
746.jpg,1090,1189,hyena,115,831,471,1011
746.jpg,1090,1189,hyena,626,748,967,988
1061.jpg,1300,955,Blackbuck,1,113,1170,869
971.jpg,1280,720,horse,251,6,942,720
1048.jpg,600,450,Blackbuck,136,9,489,436
959.jpg,1801,2137,donkey,240,65,1513,1985
1093.jpg,647,404,Crocodile,1,25,636,345
934.jpg,1200,630,donkey,324,1,1110,630
257.jpg,1300,909,Deer,423,184,1223,676
163.jpg,4300,2867,leopard,135,51,4214,2867
119.jpg,1024,576,Cheetah,320,90,1024,539
d30.jpg,355,200,dog,12,31,354,184
521.jpg,2517,1430,bison,262,179,1774,1303
521.jpg,2517,1430,bison,1674,299,2478,923
521.jpg,2517,1430,bison,38,115,422,635
521.jpg,2517,1430,bison,1518,259,2186,743
d167.jpg,500,779,dog,2,24,500,773
d97.jpg,190,295,dog,1,32,104,288
m21.jpg,1300,988,monkey,349,52,808,893
659.jpg,660,525,elephant,1,31,480,505
659.jpg,660,525,person,60,11,176,168
659.jpg,660,525,person,454,176,557,348
805.jpg,900,600,wolf,512,284,737,479
805.jpg,900,600,wolf,164,317,451,533
805.jpg,900,600,wolf,10,362,231,527
790.jpg,220,124,wolf,51,21,194,119
154.jpg,490,349,leopard,193,17,490,347
c14.jpg,639,438,dog,191,254,289,370
c14.jpg,639,438,dog,1,212,145,307
c14.jpg,639,438,tiger,306,182,593,295
462.jpg,1300,960,bison,504,208,1167,769
462.jpg,1300,960,bison,196,193,565,587
373.jpg,962,641,bear,272,104,822,546
c8.jpg,532,669,tiger,43,148,338,663
c8.jpg,532,669,dog,220,14,532,487
d1.jpg,800,785,dog,184,56,656,761
115.jpg,3504,2336,Cheetah,768,559,3504,2331
674.jpg,866,1390,elephant,57,40,859,1288
779.jpg,620,463,hyena,27,118,434,451
d146.jpg,1920,1080,dog,260,173,1014,888
d146.jpg,1920,1080,dog,984,161,1681,900
c94.jpg,480,360,tiger,1,33,294,333
c94.jpg,480,360,dog,245,62,443,353
843.jpg,620,360,wolf,1,22,419,354
765.jpg,534,350,hyena,240,54,401,324
765.jpg,534,350,hyena,78,24,282,336
c51.jpg,550,364,Cheetah,1,78,355,363
c51.jpg,550,364,panther,252,60,547,364
96.jpg,1440,925,lion,69,91,1247,862
d115.jpg,760,400,dog,175,155,568,400
c10.jpg,379,283,tiger,31,45,190,152
c10.jpg,379,283,dog,11,9,337,248
230.jpg,1000,700,bear,1,1,825,695
d132.jpg,414,640,dog,46,18,380,588
766.jpg,853,547,hyena,159,184,516,429
c41.jpg,500,500,lion,330,7,447,84
c41.jpg,500,500,lion,64,238,464,472
c41.jpg,500,500,lion,92,58,198,107
c41.jpg,500,500,tiger,2,85,459,431
575.jpg,620,349,elephant,53,1,605,349
575.jpg,620,349,wolf,153,221,221,275
1124.jpg,600,400,Crocodile,72,64,600,374
277.jpg,413,550,Blackbuck,113,125,257,434
d165.jpg,674,800,dog,5,11,674,799
820.jpg,1200,1319,wolf,306,130,960,1253
181.jpg,728,410,panther,93,8,547,410
966.jpg,529,364,horse,130,23,517,349
966.jpg,529,364,horse,25,17,346,343
732.jpg,1900,1068,rhinoceros,1,37,1459,1019
d137.jpg,240,180,dog,1,1,234,179
289.jpg,2000,1333,Deer,296,199,940,1261
289.jpg,2000,1333,Deer,734,242,1571,1192
123.jpg,1400,840,Cheetah,159,9,1399,840
848.jpg,1024,682,wolf,337,154,745,649
638.jpg,408,245,elephant,198,70,408,236
638.jpg,408,245,elephant,9,19,174,138
638.jpg,408,245,person,318,28,352,83
c30.jpg,800,600,tiger,134,158,643,493
c30.jpg,800,600,lion,254,51,683,326
837.jpg,624,850,wolf,76,2,530,836
98.jpg,2871,1798,lion,1298,130,2325,1489
c128.jpg,960,640,dog,77,18,621,535
c128.jpg,960,640,tiger,387,192,842,640
748.jpg,650,426,hyena,19,17,470,426
475.jpg,500,328,bison,66,115,241,263
475.jpg,500,328,hyena,209,179,320,268
467.jpg,534,800,buffalo,95,66,473,713
854.jpg,3000,2742,zebra,352,204,2486,2618
708.jpg,650,312,rhinoceros,142,42,497,279
265.jpg,758,459,Blackbuck,70,127,461,341
c24.jpg,640,480,tiger,350,89,632,340
c24.jpg,640,480,lion,92,51,412,423
956.jpg,579,754,donkey,78,70,522,694
d29.jpg,1280,720,dog,426,16,1279,720
651.jpg,800,455,elephant,6,192,164,409
651.jpg,800,455,elephant,160,164,265,419
651.jpg,800,455,elephant,286,187,364,414
651.jpg,800,455,elephant,353,124,528,440
651.jpg,800,455,elephant,554,192,650,384
651.jpg,800,455,person,730,259,769,347
651.jpg,800,455,person,673,246,716,370
651.jpg,800,455,person,615,252,666,399
651.jpg,800,455,person,554,234,605,414
651.jpg,800,455,person,431,31,493,136
651.jpg,800,455,person,298,145,366,209
651.jpg,800,455,person,204,99,269,202
651.jpg,800,455,person,69,130,133,195
651.jpg,800,455,person,109,240,169,421
651.jpg,800,455,person,259,237,314,425
651.jpg,800,455,person,1,211,34,455
1032.jpg,998,749,Hippopotamus,103,122,635,649
1035.jpg,1920,1069,Hippopotamus,43,22,1896,1005
637.jpg,1200,750,elephant,577,246,1200,718
637.jpg,1200,750,elephant,1,258,568,707
m4.jpg,700,470,monkey,1,53,688,455
d10.jpg,1024,1024,dog,43,165,979,929
192.jpg,800,600,panther,71,23,800,589
414.jpg,800,534,leopard,61,101,498,456
227.jpg,3867,2578,bear,1152,448,3546,2342
49.jpg,1920,1280,Deer,330,88,1372,1280
1052.jpg,800,448,Blackbuck,205,12,614,448
168.jpg,281,180,leopard,1,4,269,177
701.jpg,588,274,rhinoceros,21,47,449,250
269.jpg,347,520,Deer,127,139,285,446
269.jpg,347,520,Deer,28,49,113,295
836.jpg,700,635,wolf,88,137,594,532
828.jpg,170,213,wolf,15,15,142,198
124.jpg,962,641,Cheetah,71,24,962,637
286.jpg,759,422,Deer,182,1,596,398
286.jpg,759,422,Deer,541,142,759,278
626.jpg,1280,720,elephant,476,52,1186,716
613.jpg,1400,980,elephant,415,72,1297,787
596.jpg,1280,720,elephant,194,326,330,442
596.jpg,1280,720,elephant,210,286,422,436
596.jpg,1280,720,elephant,418,260,698,430
596.jpg,1280,720,elephant,706,252,974,434
596.jpg,1280,720,elephant,952,276,1198,416
43.jpg,1220,815,Deer,471,305,717,815
43.jpg,1220,815,Deer,669,32,1191,815
982.jpg,700,434,horse,266,95,479,318
916.jpg,402,600,zebra,71,89,298,537
m23.jpg,480,360,langur,96,9,385,359
568.jpg,1024,683,elephant,506,318,697,596
568.jpg,1024,683,elephant,180,52,932,581
568.jpg,1024,683,elephant,1,21,522,556
313.jpg,1280,720,Cheetah,100,56,488,628
313.jpg,1280,720,Cheetah,368,354,908,604
313.jpg,1280,720,lion,480,122,788,412
666.jpg,334,500,elephant,33,31,314,490
431.jpg,624,416,Cheetah,192,56,380,388
d145.jpg,960,720,dog,38,1,690,720
d145.jpg,960,720,person,1,1,224,673
1118.jpg,500,375,Crocodile,1,74,450,299
203.jpg,620,414,panther,1,5,323,412
203.jpg,620,414,panther,337,19,620,388
631.jpg,660,566,elephant,38,75,440,395
631.jpg,660,566,person,113,331,232,408
631.jpg,660,566,person,549,226,657,414
d15.jpg,800,1130,dog,133,68,692,1089
c77.jpg,2000,1000,dog,1,502,697,995
c77.jpg,2000,1000,wolf,553,9,1431,993
c77.jpg,2000,1000,dog,1353,5,1988,996
598.jpg,800,533,elephant,56,94,685,515
d5.jpg,450,397,dog,70,34,361,396
m35.jpg,1300,956,langur,620,360,902,777
m35.jpg,1300,956,langur,167,64,712,828
481.jpg,900,643,yak,233,120,820,513
703.jpg,902,374,rhinoceros,240,94,686,348
140.jpg,1000,469,Cheetah,82,2,1000,467
391.jpg,1300,980,Cheetah,143,10,1300,750
480.jpg,321,250,yak,43,20,267,248
516.jpg,634,423,buffalo,82,13,530,375
491.jpg,1024,678,bison,226,65,731,678
1017.jpg,440,198,Hippopotamus,42,46,414,140
d138.jpg,800,600,dog,191,46,654,531
d65.jpg,1200,800,dog,1,154,653,767
d65.jpg,1200,800,dog,605,24,1130,549
283.jpg,205,155,Deer,107,36,193,142
283.jpg,205,155,Deer,16,39,128,143
742.jpg,525,140,hyena,15,22,177,135
742.jpg,525,140,hyena,197,7,328,140
742.jpg,525,140,hyena,334,13,520,140
111.jpg,2736,2468,Cheetah,1,206,2502,2431
d13.jpg,1003,1024,dog,250,89,875,988
497.jpg,1280,720,bison,182,8,1255,720
d92.jpg,600,600,dog,49,65,567,600
d140.jpg,640,447,dog,1,65,636,417
1051.jpg,1024,1024,Blackbuck,147,27,1017,1024
446.jpg,3600,2400,bison,346,417,3217,2117
1002.jpg,1199,1280,Hippopotamus,39,3,1168,1280
c39.jpg,900,657,tiger,9,17,505,635
c39.jpg,900,657,lion,445,46,900,611
715.jpg,1900,1900,rhinoceros,213,107,1900,1896
987.jpg,800,450,horse,315,59,733,437
1066.jpg,1024,682,Deer,331,174,455,601
1066.jpg,1024,682,Deer,405,167,525,575
1066.jpg,1024,682,Deer,500,103,625,527
d125.jpg,1000,760,dog,28,20,1000,732
d35.jpg,400,400,dog,25,1,400,396
245.jpg,538,416,bear,44,7,536,415
714.jpg,1200,408,rhinoceros,1,9,577,400
714.jpg,1200,408,rhinoceros,596,4,1200,406
1036.jpg,1280,720,Hippopotamus,304,125,1280,565
361.jpg,800,533,bear,366,21,715,505
d75.jpg,720,720,dog,73,131,512,637
d75.jpg,720,720,dog,1,335,249,651
d75.jpg,720,720,dog,574,98,720,572
d75.jpg,720,720,dog,481,129,694,509
83.jpg,898,701,lion,192,59,632,695
1040.jpg,992,660,Hippopotamus,22,188,721,600
248.jpg,1920,1080,bear,387,204,1506,1080
334.jpg,640,360,lion,43,146,597,330
334.jpg,640,360,person,211,22,369,188
503.jpg,800,510,buffalo,18,82,755,478
657.jpg,800,660,elephant,436,211,711,651
657.jpg,800,660,person,535,103,640,247
145.jpg,1000,800,leopard,1,52,971,748
933.jpg,638,426,donkey,280,64,590,380
933.jpg,638,426,donkey,72,117,290,368
63.jpg,3000,1996,Deer,538,159,2100,1950
573.jpg,299,168,elephant,7,3,259,168
398.jpg,1200,800,leopard,632,19,1200,775
398.jpg,1200,800,leopard,88,88,977,796
936.jpg,700,415,donkey,58,1,542,414
c28.jpg,640,576,tiger,119,101,431,444
c28.jpg,640,576,lion,355,70,575,433
453.jpg,480,419,bison,12,73,423,400
727.jpg,1024,1020,rhinoceros,1,84,772,1010
228.jpg,800,521,bear,1,18,764,520
m8.jpg,1024,653,monkey,7,5,802,653
c6.jpg,620,319,tiger,40,33,619,319
c6.jpg,620,319,dog,393,1,549,149
1078.jpg,220,165,Crocodile,29,9,170,130
1103.jpg,532,269,Crocodile,11,26,532,214
d32.jpg,400,267,dog,78,4,338,263
395.jpg,886,1390,leopard,304,467,877,1171
1096.jpg,1300,956,Crocodile,110,290,1300,745
1046.jpg,550,393,Deer,406,123,542,320
1046.jpg,550,393,Deer,226,163,389,328
1046.jpg,550,393,Blackbuck,7,67,257,284
673.jpg,880,589,elephant,227,86,635,505
571.jpg,275,183,elephant,181,99,262,172
571.jpg,275,183,elephant,246,44,275,111
571.jpg,275,183,elephant,39,16,236,177
953.jpg,951,1300,donkey,200,149,622,1247
m38.jpg,450,379,langur,160,145,260,272
m38.jpg,450,379,langur,204,58,423,308
c18.jpg,1920,1080,dog,738,28,1114,300
c18.jpg,1920,1080,dog,284,173,672,588
c18.jpg,1920,1080,tiger,535,264,1481,1080
601.jpg,1280,720,elephant,340,24,1280,718
477.jpg,648,864,yak,1,133,576,850
c5.jpg,634,417,tiger,191,47,482,300
c5.jpg,634,417,dog,1,143,521,368
932.jpg,300,200,donkey,97,14,203,176
351.jpg,634,397,lion,314,87,509,345
351.jpg,634,397,lion,98,83,346,328
768.jpg,220,147,hyena,45,7,146,135
576.jpg,1500,1000,elephant,117,354,559,935
576.jpg,1500,1000,elephant,357,25,1143,956
1121.jpg,600,425,Crocodile,1,1,534,399
688.jpg,1000,809,rhinoceros,63,21,816,754
507.jpg,568,379,bison,1,68,470,351
910.jpg,962,643,zebra,149,194,488,483
910.jpg,962,643,Crocodile,451,306,710,524
1020.jpg,750,620,Hippopotamus,129,102,629,492
763.jpg,1300,866,hyena,245,304,853,736
739.jpg,1023,670,rhinoceros,137,69,826,630
c54.jpg,626,350,Cheetah,204,68,429,117
c54.jpg,626,350,lion,248,85,373,350
880.jpg,850,503,zebra,443,146,747,411
880.jpg,850,503,zebra,83,24,641,488
646.jpg,960,540,elephant,75,80,640,524
646.jpg,960,540,person,254,1,354,116
632.jpg,800,536,elephant,378,29,666,516
632.jpg,800,536,elephant,164,105,390,389
678.jpg,685,385,elephant,65,62,652,385
d129.jpg,645,380,dog,69,17,245,349
d129.jpg,645,380,dog,242,12,387,352
d129.jpg,645,380,dog,393,33,629,367
33.jpg,279,180,tiger,13,41,196,153
80.jpg,1900,1068,lion,62,176,1356,985
647.jpg,414,660,elephant,19,1,405,626
647.jpg,414,660,person,293,283,409,660
647.jpg,414,660,person,26,278,97,505
647.jpg,414,660,person,193,334,244,470
647.jpg,414,660,person,239,375,301,483
647.jpg,414,660,person,1,318,36,388
541.jpg,1300,957,bison,194,199,1020,876
c80.jpg,1029,687,wolf,667,104,1029,488
c80.jpg,1029,687,wolf,258,302,775,617
c80.jpg,1029,687,wolf,4,196,216,687
c80.jpg,1029,687,wolf,1,119,333,428
c80.jpg,1029,687,dog,193,164,738,641
911.jpg,1622,899,tiger,157,234,1341,839
158.jpg,265,190,leopard,1,2,261,190
789.jpg,1200,900,wolf,277,276,711,776
878.jpg,300,200,zebra,85,5,252,192
993.jpg,450,450,Hippopotamus,49,33,383,394
711.jpg,431,289,rhinoceros,28,31,402,247
226.jpg,720,1080,bear,262,192,613,890
435.jpg,450,302,Cheetah,54,42,429,278
734.jpg,367,550,rhinoceros,9,44,367,542
m31.jpg,1300,953,langur,443,402,1300,906
m31.jpg,1300,953,langur,337,1,1279,802
804.jpg,621,414,wolf,240,198,525,358
965.jpg,1280,640,horse,400,6,1123,640
875.jpg,2048,1365,zebra,149,347,1307,1241
875.jpg,2048,1365,zebra,1207,224,1991,1224
298.jpg,550,367,Deer,108,3,529,354
782.jpg,227,167,hyena,56,20,179,137
782.jpg,227,167,hyena,121,85,154,137
782.jpg,227,167,hyena,75,85,125,122
782.jpg,227,167,hyena,21,75,68,131
d79.jpg,729,486,dog,141,29,574,468
195.jpg,360,240,panther,8,34,358,240
127.jpg,3200,1680,Cheetah,1,362,2810,1583
c121.jpg,620,400,tiger,215,136,595,358
c121.jpg,620,400,dog,7,2,247,378
432.jpg,450,300,Cheetah,153,51,273,269
592.jpg,570,330,elephant,229,72,570,325
592.jpg,570,330,elephant,1,54,270,271
c89.jpg,600,600,tiger,228,117,600,514
c89.jpg,600,600,dog,12,116,573,513
159.jpg,860,450,leopard,57,31,699,382
470.jpg,866,1390,buffalo,83,1,866,1284
917.jpg,1300,1390,zebra,284,19,1167,1304
405.jpg,1300,866,leopard,220,83,1051,504
d62.jpg,2400,1600,dog,538,100,1965,1300
493.jpg,2060,2060,bison,1,271,1836,2058
830.jpg,640,480,wolf,25,46,516,460
726.jpg,343,540,rhinoceros,1,5,343,505
169.jpg,870,386,leopard,36,1,835,386
417.jpg,1300,948,Cheetah,114,449,572,732
417.jpg,1300,948,Cheetah,602,302,904,763
417.jpg,1300,948,Cheetah,918,316,1157,761
813.jpg,1300,953,dog,592,225,1300,864
813.jpg,1300,953,dog,92,201,643,860
813.jpg,1300,953,dog,1,176,349,831
777.jpg,814,532,hyena,1,28,625,477
1087.jpg,275,183,Crocodile,1,1,241,171
893.jpg,480,360,lion,145,117,340,284
893.jpg,480,360,zebra,1,146,384,296
180.jpg,345,450,panther,36,75,345,416
430.jpg,919,1390,Cheetah,104,71,709,1330
430.jpg,919,1390,Cheetah,502,477,830,1275
918.jpg,1300,953,zebra,129,54,916,860
306.jpg,954,1300,lion,152,204,719,1278
217.jpg,200,301,bear,6,33,195,287
389.jpg,829,1024,Cheetah,8,36,829,1023
90.jpg,1000,665,lion,438,293,658,630
90.jpg,1000,665,lion,144,433,569,665
90.jpg,1000,665,lion,86,155,544,611
681.jpg,682,1024,elephant,77,117,600,983
524.jpg,1800,1200,buffalo,125,179,1396,1122
263.jpg,640,505,Deer,106,136,473,403
640.jpg,750,453,elephant,198,57,651,453
640.jpg,750,453,person,1,169,38,275
640.jpg,750,453,person,20,181,73,272
640.jpg,750,453,person,100,209,138,272
1073.jpg,1600,1062,Blackbuck,255,367,880,910
c85.jpg,1200,627,tiger,1,5,675,626
c85.jpg,1200,627,dog,734,337,1175,627
718.jpg,650,439,rhinoceros,366,209,476,324
718.jpg,650,439,rhinoceros,56,78,394,338
362.jpg,817,1390,bear,212,30,688,1234
343.jpg,1536,1382,lion,1,84,1294,1329
343.jpg,1536,1382,lion,153,338,1408,1267
97.jpg,271,186,lion,9,7,265,186
853.jpg,470,370,zebra,81,27,462,370
d47.jpg,615,409,dog,6,17,307,409
d47.jpg,615,409,dog,281,67,596,409
560.jpg,1920,1711,elephant,45,43,1842,1627
d27.jpg,1024,1024,dog,68,92,914,989
365.jpg,431,398,bear,40,24,379,381
744.jpg,900,600,hyena,44,27,631,600
404.jpg,957,1300,leopard,58,235,866,1165
747.jpg,543,361,hyena,76,11,500,340
c52.jpg,850,564,tiger,261,133,850,464
c52.jpg,850,564,lion,1,6,505,486
d23.jpg,1300,701,dog,123,283,272,587
d23.jpg,1300,701,dog,257,271,404,591
d23.jpg,1300,701,dog,551,97,782,591
d23.jpg,1300,701,dog,739,185,978,573
c9.jpg,634,437,dog,1,175,512,404
c9.jpg,634,437,tiger,103,85,478,366
d72.jpg,640,427,dog,218,83,474,336
d173.jpg,728,544,dog,52,148,265,536
d173.jpg,728,544,dog,271,133,442,525
d173.jpg,728,544,dog,453,109,687,533
c104.jpg,700,393,dog,196,228,657,393
c104.jpg,700,393,tiger,34,1,665,359
922.jpg,1300,954,zebra,476,52,1047,799
m28.jpg,3888,2289,langur,318,150,3165,2127
290.jpg,2000,1333,Deer,177,167,1155,1117
762.jpg,600,400,hyena,106,1,441,398
d181.jpg,680,453,dog,168,34,525,448
418.jpg,1300,956,Cheetah,376,136,1043,773
333.jpg,535,280,lion,466,67,521,220
333.jpg,535,280,lion,427,53,479,203
333.jpg,535,280,lion,432,31,482,59
333.jpg,535,280,lion,371,49,428,218
333.jpg,535,280,lion,333,67,385,203
333.jpg,535,280,lion,285,52,358,209
333.jpg,535,280,lion,210,109,269,209
333.jpg,535,280,lion,230,61,290,221
333.jpg,535,280,lion,178,45,222,221
333.jpg,535,280,lion,107,54,180,223
333.jpg,535,280,lion,48,68,112,218
333.jpg,535,280,lion,4,69,56,220
281.jpg,1200,797,Deer,151,87,794,753
21.jpg,621,414,tiger,357,161,427,353
21.jpg,621,414,tiger,445,178,500,264
21.jpg,621,414,tiger,281,199,331,297
21.jpg,621,414,tiger,203,194,263,296
21.jpg,621,414,tiger,114,181,168,280
548.jpg,1180,842,elephant,130,45,884,842
774.jpg,196,140,hyena,6,31,158,137
379.jpg,1000,679,bear,170,57,830,679
c76.jpg,1280,720,wolf,1,6,628,710
c76.jpg,1280,720,dog,682,6,1280,642
172.jpg,220,296,leopard,10,25,220,295
d163.jpg,800,616,dog,24,17,800,599
m13.jpg,700,415,monkey,582,144,688,363
m13.jpg,700,415,monkey,490,69,617,414
m13.jpg,700,415,monkey,360,155,444,289
m13.jpg,700,415,monkey,301,34,475,303
m13.jpg,700,415,monkey,218,116,318,300
m13.jpg,700,415,monkey,64,37,274,354
1092.jpg,220,165,Crocodile,7,20,128,138
1092.jpg,220,165,Crocodile,92,9,175,104
1092.jpg,220,165,Crocodile,118,87,220,123
1092.jpg,220,165,Crocodile,1,142,135,165
392.jpg,1024,661,leopard,255,56,660,656
775.jpg,1300,1136,hyena,1,71,1216,1034
968.jpg,1024,683,horse,376,92,800,602
c84.jpg,640,480,wolf,1,170,378,453
c84.jpg,640,480,dog,353,3,640,432
758.jpg,1300,1071,hyena,292,125,657,919
724.jpg,600,900,rhinoceros,1,19,566,853
18.jpg,275,183,tiger,68,31,150,177
952.jpg,419,470,donkey,1,158,174,433
952.jpg,419,470,donkey,162,101,386,434
529.jpg,759,422,buffalo,298,95,463,267
537.jpg,259,194,bison,41,54,212,159
539.jpg,1013,607,buffalo,308,82,863,487
926.jpg,2710,1814,donkey,650,46,2167,1659
884.jpg,1000,667,zebra,136,75,713,667
884.jpg,1000,667,zebra,523,11,1000,659
884.jpg,1000,667,zebra,1,1,417,667
704.jpg,620,413,rhinoceros,32,143,294,286
704.jpg,620,413,rhinoceros,288,151,571,284
d24.jpg,402,461,dog,40,8,356,446
574.jpg,222,227,elephant,30,3,200,226
976.jpg,637,425,horse,101,76,420,369
d103.jpg,1280,853,dog,232,118,1074,810
c71.jpg,390,280,panther,1,61,319,238
c71.jpg,390,280,leopard,74,66,214,164
378.jpg,600,264,bear,221,139,302,245
378.jpg,600,264,bear,319,121,404,226
378.jpg,600,264,bear,177,29,390,229
358.jpg,750,515,bear,58,87,714,453
d81.jpg,736,1169,dog,53,18,694,1146
600.jpg,640,428,elephant,81,28,519,373
471.jpg,1300,956,yak,694,340,1072,812
1045.jpg,620,413,Blackbuck,310,82,483,313
1045.jpg,620,413,dog,163,176,249,286
509.jpg,1024,768,bison,279,166,979,751
833.jpg,1000,1000,wolf,139,114,855,932
118.jpg,1240,775,Cheetah,192,94,737,771
756.jpg,852,480,hyena,434,124,618,423
756.jpg,852,480,hyena,226,95,492,411
336.jpg,1920,700,lion,342,183,811,562
336.jpg,1920,700,dog,1314,429,1732,700
336.jpg,1920,700,dog,1278,219,1893,592
c58.jpg,620,400,leopard,101,130,357,209
c58.jpg,620,400,lion,340,95,614,196
1038.jpg,1921,916,Hippopotamus,10,9,897,823
1038.jpg,1921,916,Hippopotamus,813,19,1907,853
419.jpg,990,660,Cheetah,1,281,340,581
419.jpg,990,660,Cheetah,151,223,356,573
419.jpg,990,660,Cheetah,545,269,729,641
419.jpg,990,660,Deer,250,262,765,612
566.jpg,1500,1000,elephant,288,37,1178,911
977.jpg,2689,1606,horse,866,281,2453,1246
461.jpg,450,341,buffalo,5,86,295,322
461.jpg,450,341,buffalo,226,64,450,270
d158.jpg,400,400,dog,2,25,400,399
155.jpg,851,564,leopard,1,14,817,564
403.jpg,510,341,leopard,122,97,276,341
1071.jpg,560,373,Blackbuck,264,36,444,350
713.jpg,220,147,rhinoceros,1,1,195,144
948.jpg,800,600,donkey,91,49,718,528
1086.jpg,220,165,Crocodile,13,56,214,109
482.jpg,1600,1200,yak,303,25,958,1135
935.jpg,640,640,donkey,127,1,480,639
352.jpg,1024,682,lion,185,254,618,579
709.jpg,600,450,rhinoceros,9,35,600,388
665.jpg,626,498,elephant,109,30,508,485
c42.jpg,1280,720,tiger,186,156,818,564
c42.jpg,1280,720,lion,762,188,1280,677
488.jpg,800,600,buffalo,205,147,571,447
45.jpg,618,410,Deer,42,1,559,410
879.jpg,1024,856,zebra,114,94,935,854
543.jpg,3888,2592,elephant,650,214,3863,2592
902.jpg,1280,853,zebra,586,364,1096,760
902.jpg,1280,853,lion,1,306,728,767
382.jpg,1300,950,bear,645,115,949,807
1023.jpg,640,426,Hippopotamus,1,63,635,426
700.jpg,431,289,rhinoceros,188,91,408,190
700.jpg,431,289,rhinoceros,25,118,174,191
730.jpg,500,326,rhinoceros,25,44,241,312
730.jpg,500,326,rhinoceros,202,29,466,303
1013.jpg,640,360,Hippopotamus,1,21,477,348
781.jpg,800,533,hyena,291,96,766,520
975.jpg,3072,2304,horse,65,422,2946,2304
m30.jpg,1049,686,langur,415,236,866,419
m30.jpg,1049,686,langur,58,54,574,374
999.jpg,945,531,Hippopotamus,267,86,621,411
999.jpg,945,531,Hippopotamus,4,259,281,407
702.jpg,650,435,rhinoceros,359,179,566,377
702.jpg,650,435,rhinoceros,39,111,364,405
134.jpg,600,450,Cheetah,191,54,520,420
565.jpg,748,625,elephant,282,14,748,615
565.jpg,748,625,elephant,291,205,441,476
367.jpg,1024,683,bear,227,55,580,517
807.jpg,1280,720,wolf,320,52,822,502
680.jpg,800,534,elephant,120,2,800,530
943.jpg,638,550,donkey,195,91,414,550
d180.jpg,1000,665,dog,153,66,791,652
65.jpg,1140,797,Deer,364,16,1079,797
c88.jpg,605,453,tiger,1,3,468,423
c88.jpg,605,453,dog,1,159,597,453
904.jpg,1024,679,lion,1,13,698,671
904.jpg,1024,679,zebra,150,223,1024,678
c33.jpg,640,576,lion,378,143,623,539
c33.jpg,640,576,tiger,5,178,191,565
c33.jpg,640,576,person,224,39,396,562
d161.jpg,660,466,dog,20,21,592,462
340.jpg,962,566,lion,1,16,638,440
340.jpg,962,566,lion,564,293,954,496
960.jpg,359,527,donkey,51,53,275,475
562.jpg,2000,1125,elephant,741,556,1400,1075
562.jpg,2000,1125,elephant,128,18,1516,1068
1122.jpg,1500,1101,Crocodile,183,287,1500,794
246.jpg,800,450,bear,15,39,477,450
1127.jpg,1300,863,Crocodile,1,212,1029,605
793.jpg,414,275,wolf,52,7,382,250
1075.jpg,259,194,Crocodile,17,14,242,172
m25.jpg,220,165,langur,84,36,130,116
303.jpg,1024,706,lion,185,272,947,633
270.jpg,1600,1067,Deer,227,1,938,1057
925.jpg,550,406,donkey,10,10,502,385
70.jpg,275,183,Deer,76,16,230,162
d4.jpg,800,667,dog,94,202,363,608
d4.jpg,800,667,dog,388,55,780,597
371.jpg,1023,682,bear,142,217,595,594
24.jpg,300,168,tiger,143,1,270,168
323.jpg,1280,720,lion,324,376,912,660
323.jpg,1280,720,lion,120,204,682,638
323.jpg,1280,720,lion,30,234,462,420
323.jpg,1280,720,lion,1,324,126,601
323.jpg,1280,720,lion,212,86,940,334
323.jpg,1280,720,buffalo,554,146,1248,574
92.jpg,960,714,lion,13,1,919,700
903.jpg,966,699,zebra,269,207,584,505
903.jpg,966,699,lion,450,118,843,560
823.jpg,220,217,wolf,60,13,213,201
686.jpg,1200,630,rhinoceros,104,9,1051,579
1101.jpg,500,375,Crocodile,246,24,298,77
1101.jpg,500,375,Crocodile,177,57,254,104
1101.jpg,500,375,Crocodile,160,95,294,173
1101.jpg,500,375,Crocodile,240,113,373,195
1101.jpg,500,375,Crocodile,333,148,500,224
1101.jpg,500,375,Crocodile,425,138,500,172
1101.jpg,500,375,Crocodile,161,156,333,207
1101.jpg,500,375,Crocodile,324,184,499,375
1101.jpg,500,375,Crocodile,239,164,451,281
1101.jpg,500,375,Crocodile,415,188,500,327
1101.jpg,500,375,Crocodile,24,256,276,342
1101.jpg,500,375,Crocodile,325,308,422,375
1101.jpg,500,375,Crocodile,1,244,79,339
1101.jpg,500,375,Crocodile,58,178,163,347
1101.jpg,500,375,Crocodile,1,168,97,268
1101.jpg,500,375,Crocodile,81,109,207,231
393.jpg,1300,956,Cheetah,508,140,990,761
d142.jpg,1300,959,dog,355,87,1102,828
d142.jpg,1300,959,person,535,1,796,667
677.jpg,900,593,elephant,192,257,334,507
677.jpg,900,593,elephant,523,202,691,496
677.jpg,900,593,elephant,141,1,579,507
d119.jpg,1280,827,dog,184,105,786,817
121.jpg,768,419,Cheetah,125,127,767,418
121.jpg,768,419,Cheetah,138,6,724,228
487.jpg,532,640,yak,36,13,532,593
369.jpg,1300,956,bear,167,4,1023,857
59.jpg,850,863,Deer,1,189,747,857
187.jpg,620,413,panther,1,1,567,411
849.jpg,1300,953,dog,235,107,1004,831
d182.jpg,1280,720,dog,172,12,912,710
796.jpg,900,600,wolf,219,192,554,530
240.jpg,1200,776,bear,256,92,797,776
46.jpg,700,424,Deer,60,50,377,369
d17.jpg,800,533,dog,224,19,648,533
292.jpg,2998,2145,Deer,270,308,2546,1827
d73.jpg,2048,1365,dog,823,189,1320,1150
d73.jpg,2048,1365,person,1549,8,1801,544
740.jpg,500,367,hyena,200,113,459,340
c35.jpg,350,216,tiger,1,7,176,216
c35.jpg,350,216,lion,185,7,347,216
26.jpg,300,168,tiger,81,2,300,166
1050.jpg,1024,768,Blackbuck,236,133,868,526
357.jpg,1000,1000,bear,114,131,730,856
13.jpg,450,320,tiger,65,41,439,261
m14.jpg,1280,720,monkey,493,5,1106,720
m14.jpg,1280,720,dog,403,310,721,708
1063.jpg,736,1179,Blackbuck,127,235,484,1111
1063.jpg,736,1179,Blackbuck,416,429,736,737
670.jpg,259,194,elephant,52,84,99,171
670.jpg,259,194,elephant,83,50,156,170
670.jpg,259,194,elephant,134,19,229,170
d122.jpg,552,438,dog,134,97,393,430
c63.jpg,480,360,leopard,1,103,242,337
c63.jpg,480,360,lion,187,21,437,333
773.jpg,500,342,hyena,37,31,344,323
15.jpg,1200,935,tiger,62,32,1128,907
887.jpg,1920,1200,zebra,1290,379,1796,1136
887.jpg,1920,1200,zebra,286,66,1335,1200
653.jpg,280,183,elephant,129,35,230,183
653.jpg,280,183,elephant,84,82,125,177
653.jpg,280,183,elephant,50,107,67,152
653.jpg,280,183,person,149,1,186,43
653.jpg,280,183,person,92,57,113,85
1069.jpg,736,759,Blackbuck,28,156,653,707
1069.jpg,736,759,Deer,262,551,671,706
412.jpg,1300,859,leopard,598,186,974,745
895.jpg,1920,1080,zebra,1,285,820,816
895.jpg,1920,1080,lion,1078,355,1920,758
895.jpg,1920,1080,zebra,1572,22,1920,341
737.jpg,500,334,rhinoceros,72,137,210,311
m19.jpg,866,1300,monkey,301,539,654,1106
m19.jpg,866,1300,monkey,42,131,697,1165
591.jpg,275,183,elephant,57,41,270,176
m3.jpg,1280,720,langur,312,389,606,720
m3.jpg,1280,720,langur,452,14,1004,710
459.jpg,1024,682,buffalo,111,96,468,646
867.jpg,4575,2974,zebra,1133,125,4551,2974
353.jpg,356,520,lion,107,121,337,476
590.jpg,487,600,elephant,6,45,469,577
485.jpg,218,320,bison,7,8,218,304
834.jpg,660,440,wolf,168,104,630,323
c93.jpg,600,404,tiger,119,68,401,391
c93.jpg,600,404,dog,240,18,600,352
243.jpg,962,641,bear,42,69,668,574
243.jpg,962,641,person,647,151,805,559
c127.jpg,622,387,tiger,40,65,307,323
c127.jpg,622,387,dog,299,104,506,283
767.jpg,620,348,hyena,89,15,620,344
506.jpg,800,533,bison,60,69,590,523
305.jpg,1100,731,lion,301,100,772,648
d150.jpg,1001,1600,dog,190,1,835,1500
197.jpg,284,177,panther,33,3,283,177
213.jpg,300,300,lion,93,93,186,230
213.jpg,300,300,lion,79,25,201,300
644.jpg,620,376,person,287,182,345,375
644.jpg,620,376,person,462,208,496,307
644.jpg,620,376,person,523,215,549,283
644.jpg,620,376,person,19,185,70,348
644.jpg,620,376,person,188,6,229,83
644.jpg,620,376,person,333,98,365,158
644.jpg,620,376,person,413,104,452,160
644.jpg,620,376,person,470,138,497,184
644.jpg,620,376,person,522,146,543,183
644.jpg,620,376,person,565,162,591,186
644.jpg,620,376,person,581,202,604,269
644.jpg,620,376,elephant,65,58,317,372
644.jpg,620,376,elephant,306,151,422,329
644.jpg,620,376,elephant,391,144,482,292
644.jpg,620,376,elephant,466,174,522,268
644.jpg,620,376,elephant,500,170,565,272
644.jpg,620,376,elephant,548,176,613,277
424.jpg,300,467,Cheetah,63,1,286,436
48.jpg,630,339,Deer,1,38,452,299
906.jpg,1024,680,zebra,34,164,595,453
906.jpg,1024,680,lion,356,74,761,419
672.jpg,309,470,elephant,40,35,284,420
d20.jpg,800,600,dog,273,34,640,600
985.jpg,1280,853,horse,206,74,1239,853
1123.jpg,600,300,Crocodile,1,68,510,235
c43.jpg,1368,1026,lion,231,348,1336,976
c43.jpg,1368,1026,tiger,290,174,1066,987
44.jpg,490,368,Deer,1,1,486,368
899.jpg,612,407,zebra,264,143,538,287
899.jpg,612,407,lion,71,124,286,302
526.jpg,1300,958,buffalo,214,188,1023,682
146.jpg,1000,800,leopard,1,3,846,744
196.jpg,250,176,panther,8,23,213,157
1011.jpg,276,182,Hippopotamus,32,36,241,156
32.jpg,1000,600,tiger,366,284,593,600
d187.jpg,754,424,dog,164,6,742,424
c44.jpg,640,480,lion,313,32,640,453
c44.jpg,640,480,tiger,6,12,367,480
d22.jpg,457,364,dog,19,1,176,344
d22.jpg,457,364,dog,246,33,427,363
m33.jpg,1280,720,langur,356,18,978,720
m33.jpg,1280,720,langur,945,399,1086,706
m33.jpg,1280,720,langur,307,212,545,526
m33.jpg,1280,720,langur,16,567,170,720
m33.jpg,1280,720,langur,120,169,189,252
m33.jpg,1280,720,langur,18,132,75,242
m33.jpg,1280,720,langur,898,57,1166,620
m33.jpg,1280,720,langur,438,1,577,140
d131.jpg,799,429,dog,23,274,154,407
d131.jpg,799,429,dog,163,179,344,407
d131.jpg,799,429,dog,367,111,598,413
d131.jpg,799,429,dog,577,33,774,404
d178.jpg,853,567,dog,1,36,676,565
858.jpg,1500,1120,zebra,155,52,1336,1062
957.jpg,1024,775,donkey,169,63,539,587
125.jpg,860,450,Cheetah,149,8,319,309
125.jpg,860,450,Cheetah,289,36,460,320
125.jpg,860,450,Cheetah,404,70,741,450
1006.jpg,1280,720,Hippopotamus,484,345,1204,709
1006.jpg,1280,720,Crocodile,4,7,1039,707
942.jpg,770,405,donkey,117,1,683,379
606.jpg,1280,853,elephant,256,22,1044,848
67.jpg,1000,1494,Deer,77,456,781,1494
d169.jpg,588,501,dog,7,8,588,500
264.jpg,1024,723,Blackbuck,229,119,942,544
698.jpg,1280,720,rhinoceros,318,108,1218,654
34.jpg,918,1390,tiger,172,90,913,1275
814.jpg,800,533,wolf,25,30,631,513
586.jpg,3000,2000,elephant,86,347,2224,1895
d172.jpg,680,486,dog,304,81,517,470
c1.jpg,505,281,tiger,5,114,367,277
c1.jpg,505,281,lion,105,11,496,183
1105.jpg,259,194,Crocodile,29,16,253,194
1097.jpg,1400,1051,Crocodile,93,1,1382,1004
780.jpg,634,357,hyena,316,5,606,357
780.jpg,634,357,hyena,112,155,207,356
780.jpg,634,357,hyena,29,159,110,357
229.jpg,1024,682,bear,115,48,1005,682
137.jpg,940,414,Cheetah,85,16,940,406
311.jpg,590,395,lion,269,109,575,305
311.jpg,590,395,lion,83,151,255,302
1090.jpg,300,370,Crocodile,1,9,297,362
1058.jpg,220,165,Blackbuck,1,1,142,165
c7.jpg,450,300,tiger,105,105,450,299
c7.jpg,450,300,dog,1,1,449,187
629.jpg,1900,1239,elephant,883,291,1447,1064
629.jpg,1900,1239,elephant,1438,691,1632,1007
629.jpg,1900,1239,elephant,1616,846,1777,1013
629.jpg,1900,1239,elephant,1728,813,1871,1031
629.jpg,1900,1239,elephant,689,861,850,1010
629.jpg,1900,1239,elephant,489,755,744,1022
629.jpg,1900,1239,elephant,1,607,413,1033
518.jpg,800,533,bison,181,105,686,478
817.jpg,298,194,dog,40,25,285,164
d91.jpg,618,410,dog,45,3,502,409
869.jpg,768,512,zebra,1,1,571,512
822.jpg,1920,1075,wolf,663,1,1905,1055
625.jpg,1024,768,elephant,187,366,379,726
625.jpg,1024,768,elephant,495,276,1024,639
625.jpg,1024,768,person,764,101,935,468
625.jpg,1024,768,person,429,413,555,658
625.jpg,1024,768,person,214,227,342,376
696.jpg,1920,1117,rhinoceros,114,37,1902,1117
d120.jpg,680,544,dog,214,57,498,474
912.jpg,1622,899,tiger,141,226,1331,811
56.jpg,750,500,Deer,464,228,743,486
56.jpg,750,500,Deer,19,1,635,499
c73.jpg,359,240,panther,67,5,220,186
c73.jpg,359,240,leopard,1,52,323,236
57.jpg,520,348,Deer,159,26,444,328
690.jpg,200,267,rhinoceros,39,49,161,237
534.jpg,900,528,buffalo,195,112,400,432
534.jpg,900,528,buffalo,413,96,660,434
628.jpg,660,446,elephant,2,83,455,406
628.jpg,660,446,person,119,7,214,106
452.jpg,550,367,bison,4,28,366,367
341.jpg,866,1390,lion,361,323,685,1223
247.jpg,600,300,bear,182,16,581,300
212.jpg,877,500,lion,1,301,306,496
212.jpg,877,500,lion,249,257,498,477
212.jpg,877,500,lion,340,280,562,477
212.jpg,877,500,lion,28,110,579,487
c126.jpg,480,360,dog,3,109,188,243
c126.jpg,480,360,tiger,285,158,443,261
1018.jpg,480,360,Hippopotamus,183,185,342,262
1018.jpg,480,360,Hippopotamus,29,90,464,271
812.jpg,276,414,wolf,52,7,217,414
409.jpg,346,540,leopard,15,134,293,488
d64.jpg,275,183,dog,48,31,227,183
939.jpg,750,428,donkey,213,1,630,428
d77.jpg,358,350,dog,41,15,337,327
236.jpg,1356,668,bear,299,134,1086,668
490.jpg,804,515,yak,67,148,640,515
344.jpg,1536,1382,lion,1,91,1287,1330
344.jpg,1536,1382,lion,148,335,1402,1245
994.jpg,640,360,Crocodile,76,130,336,245
994.jpg,640,360,Hippopotamus,121,37,516,248
994.jpg,640,360,Hippopotamus,1,89,66,322
877.jpg,750,620,zebra,22,21,699,593
877.jpg,750,620,zebra,189,312,734,611
385.jpg,299,470,bear,30,5,298,414
c79.jpg,620,512,dog,417,81,581,380
c79.jpg,620,512,wolf,1,68,445,472
519.jpg,550,347,buffalo,131,74,429,269
c100.jpg,1280,720,dog,648,148,1280,702
c100.jpg,1280,720,tiger,1,10,782,714
d87.jpg,615,290,dog,13,61,178,260
d87.jpg,615,290,dog,124,45,256,259
d87.jpg,615,290,dog,240,19,347,239
d87.jpg,615,290,dog,330,32,454,251
d87.jpg,615,290,dog,387,46,610,273
d55.jpg,600,600,dog,67,74,598,600
607.jpg,640,480,elephant,189,24,508,475
9.jpg,992,705,tiger,284,400,649,648
9.jpg,992,705,tiger,501,134,798,592
9.jpg,992,705,tiger,623,164,918,427
9.jpg,992,705,tiger,119,175,604,664
1110.jpg,1300,954,Crocodile,1,216,1186,772
553.jpg,1280,720,elephant,200,30,1062,702
927.jpg,300,168,donkey,111,2,267,165
1116.jpg,725,483,Crocodile,24,7,725,455
d102.jpg,460,290,dog,52,10,393,279
520.jpg,450,318,buffalo,122,78,303,238
913.jpg,2048,1536,zebra,410,280,2048,1526
337.jpg,1300,953,lion,420,350,1023,733
337.jpg,1300,953,fox,704,27,790,201
m20.jpg,448,341,monkey,5,24,447,341
990.jpg,4502,2832,horse,758,687,3358,2387
1031.jpg,1200,900,Hippopotamus,155,201,1097,626
785.jpg,700,564,hyena,64,22,634,536
d61.jpg,1500,842,dog,640,16,1130,842
604.jpg,800,600,elephant,105,19,745,600
821.jpg,2413,2235,wolf,644,328,1726,2235
m12.jpg,460,346,langur,2,54,211,271
m12.jpg,460,346,langur,159,90,273,264
m12.jpg,460,346,person,138,54,459,280
806.jpg,1582,472,wolf,371,26,1268,472
806.jpg,1582,472,wolf,929,18,1529,463
806.jpg,1582,472,wolf,159,13,652,472
567.jpg,1400,845,elephant,46,33,1119,811
238.jpg,534,712,bear,117,77,464,712
208.jpg,300,300,panther,1,21,296,300
d53.jpg,1024,563,dog,156,50,437,515
d53.jpg,1024,563,dog,414,92,658,542
d53.jpg,1024,563,dog,637,78,921,521
d46.jpg,225,225,dog,8,18,204,225
126.jpg,401,350,Cheetah,3,3,400,350
c107.jpg,960,640,tiger,304,189,915,545
c107.jpg,960,640,dog,97,91,434,589
285.jpg,432,480,Deer,62,12,385,457
117.jpg,450,253,Cheetah,98,26,417,171
504.jpg,276,183,bison,31,25,273,175
1068.jpg,473,640,Blackbuck,1,24,239,543
1068.jpg,473,640,Blackbuck,247,27,473,541
826.jpg,640,395,wolf,282,8,576,395
826.jpg,640,395,wolf,2,40,335,395
603.jpg,1600,1000,elephant,13,535,180,790
603.jpg,1600,1000,elephant,160,422,453,757
603.jpg,1600,1000,elephant,470,370,868,762
603.jpg,1600,1000,elephant,793,370,1133,767
603.jpg,1600,1000,elephant,1130,352,1468,750
603.jpg,1600,1000,elephant,1383,315,1598,755
1049.jpg,800,533,Blackbuck,154,83,346,498
141.jpg,1200,799,leopard,237,49,1088,762
426.jpg,624,351,Cheetah,99,63,534,200
599.jpg,1024,458,elephant,348,19,918,424
m16.jpg,1095,730,monkey,325,97,695,677
47.jpg,750,750,Deer,77,86,609,622
609.jpg,1024,681,elephant,121,91,851,554
c91.jpg,724,1024,dog,276,379,700,933
c91.jpg,724,1024,tiger,169,126,503,863
346.jpg,300,200,lion,105,1,230,175
346.jpg,300,200,lion,191,129,230,171
346.jpg,300,200,lion,136,130,153,164
797.jpg,220,129,wolf,2,16,220,123
707.jpg,588,354,rhinoceros,11,13,560,330
319.jpg,558,420,person,349,109,480,215
319.jpg,558,420,lion,21,135,552,328
445.jpg,274,184,bison,54,4,230,178
6.jpg,1400,697,tiger,599,66,1310,624
268.jpg,720,540,Deer,291,10,482,540
113.jpg,1600,1000,Cheetah,219,126,1537,1000
778.jpg,1600,1067,hyena,313,189,1108,954
d156.jpg,220,331,dog,1,24,220,306
654.jpg,500,367,elephant,3,156,102,347
654.jpg,500,367,elephant,97,188,169,361
654.jpg,500,367,elephant,173,171,257,364
654.jpg,500,367,elephant,263,205,318,350
654.jpg,500,367,elephant,302,171,383,337
654.jpg,500,367,elephant,384,170,488,341
654.jpg,500,367,person,36,102,74,166
654.jpg,500,367,person,124,137,165,201
654.jpg,500,367,person,191,123,241,188
654.jpg,500,367,person,259,154,298,205
654.jpg,500,367,person,324,142,359,174
654.jpg,500,367,person,397,127,448,182
654.jpg,500,367,person,382,248,412,358
654.jpg,500,367,person,313,242,346,360
654.jpg,500,367,person,255,245,304,366
654.jpg,500,367,person,159,245,191,350
d175.jpg,767,510,dog,155,63,649,401
1030.jpg,620,380,Hippopotamus,190,220,381,349
1030.jpg,620,380,Hippopotamus,79,19,525,331
760.jpg,2766,2584,hyena,139,535,1465,2105
760.jpg,2766,2584,hyena,1126,700,2291,1992
1015.jpg,1600,900,Hippopotamus,966,475,1397,789
1015.jpg,1600,900,Hippopotamus,122,145,672,753
1015.jpg,1600,900,Hippopotamus,486,128,1261,787
c37.jpg,1920,1080,tiger,523,567,1002,985
c37.jpg,1920,1080,tiger,772,82,1735,1000
1115.jpg,800,533,Crocodile,42,150,800,445
d106.jpg,660,457,dog,260,38,650,399
d106.jpg,660,457,dog,24,44,341,392
835.jpg,220,177,wolf,23,40,183,156
390.jpg,686,1024,leopard,166,68,608,952
84.jpg,931,524,lion,3,10,782,514
23.jpg,650,400,tiger,27,37,406,362
d34.jpg,1024,576,dog,116,55,800,576
847.jpg,145,270,wolf,2,1,133,266
c95.jpg,550,365,dog,8,96,292,342
c95.jpg,550,365,tiger,231,98,550,339
d42.jpg,653,816,dog,70,83,526,784
919.jpg,263,470,zebra,44,31,250,427
d69.jpg,450,253,dog,119,1,298,251
839.jpg,375,500,wolf,74,24,293,260
839.jpg,375,500,wolf,167,294,192,326
752.jpg,450,320,hyena,15,27,320,299
d80.jpg,760,506,dog,259,46,664,439
545.jpg,1200,516,elephant,230,205,428,412
545.jpg,1200,516,elephant,413,71,745,397
545.jpg,1200,516,elephant,653,95,936,365
545.jpg,1200,516,elephant,907,137,1151,363
545.jpg,1200,516,elephant,154,99,473,414
486.jpg,349,280,yak,145,32,294,236
486.jpg,349,280,yak,251,122,296,217
486.jpg,349,280,yak,68,120,118,235
721.jpg,1057,1200,rhinoceros,367,628,690,1117
721.jpg,1057,1200,rhinoceros,245,296,801,866
d136.jpg,1024,683,dog,206,89,626,626
130.jpg,1920,1075,Cheetah,575,72,1114,1072
394.jpg,450,299,Cheetah,98,58,296,299
c40.jpg,588,882,tiger,1,383,584,882
c40.jpg,588,882,lion,2,1,588,646
c99.jpg,640,443,dog,57,90,430,361
c99.jpg,640,443,tiger,218,148,615,321
288.jpg,309,163,Deer,27,50,254,163
320.jpg,700,467,lion,334,231,695,467
320.jpg,700,467,lion,1,236,333,458
320.jpg,700,467,person,17,72,301,338
320.jpg,700,467,person,365,95,558,340
772.jpg,450,320,hyena,140,33,441,287
d88.jpg,2796,4194,dog,377,450,2684,3804
787.jpg,263,192,hyena,20,26,244,175
d8.jpg,1300,1300,dog,208,178,1132,1300
510.jpg,480,320,buffalo,62,46,356,319
68.jpg,1484,1127,Deer,213,60,1292,1035
d188.jpg,260,260,dog,37,24,223,240
407.jpg,300,470,leopard,104,157,285,380
627.jpg,525,290,elephant,26,23,158,269
627.jpg,525,290,elephant,310,10,525,265
256.jpg,870,621,Blackbuck,1,169,602,588
188.jpg,593,400,panther,1,101,534,359
17.jpg,275,183,tiger,43,5,265,183
818.jpg,1024,681,dog,355,74,1024,674
302.jpg,1024,685,lion,361,227,610,576
198.jpg,470,370,panther,28,2,470,370
397.jpg,112,220,leopard,26,56,95,186
350.jpg,1300,953,lion,569,158,894,797
350.jpg,1300,953,lion,129,221,1299,803
287.jpg,800,657,Deer,312,27,783,657
616.jpg,800,533,elephant,240,79,416,509
293.jpg,640,550,Deer,247,41,622,525
293.jpg,640,550,Deer,65,68,441,520
450.jpg,1280,720,bison,224,166,526,644
450.jpg,1280,720,bison,552,64,1162,680
284.jpg,270,268,Deer,36,14,240,209
532.jpg,480,360,bison,1,109,375,327
963.jpg,207,280,donkey,16,56,194,240
c36.jpg,640,368,tiger,1,2,380,365
c36.jpg,640,368,lion,115,3,594,323
d40.jpg,600,600,dog,52,24,583,600
442.jpg,576,432,bison,119,73,426,349
890.jpg,480,360,zebra,87,97,391,312
890.jpg,480,360,lion,205,43,476,249
1117.jpg,800,533,Crocodile,1,135,676,532
815.jpg,780,350,dog,265,39,499,350
315.jpg,800,450,person,214,23,335,199
315.jpg,800,450,lion,118,133,704,406
454.jpg,650,424,buffalo,41,96,453,396
454.jpg,650,424,buffalo,477,122,650,393
454.jpg,650,424,buffalo,154,33,416,168
454.jpg,650,424,buffalo,425,49,650,230
885.jpg,350,495,zebra,1,63,290,477
d58.jpg,840,530,dog,143,34,677,530
498.jpg,1600,1066,bison,233,233,1245,985
d162.jpg,255,198,dog,3,26,153,196
962.jpg,292,350,donkey,14,15,278,333
921.jpg,1280,720,zebra,492,52,774,694
544.jpg,1280,720,elephant,396,42,884,480
544.jpg,1280,720,Crocodile,296,334,942,644
416.jpg,400,330,leopard,56,33,361,319
91.jpg,1200,801,lion,634,241,1102,688
91.jpg,1200,801,lion,151,66,581,711
5.jpg,1280,720,tiger,92,76,1280,684
271.jpg,865,1390,Deer,201,7,838,1300
327.jpg,750,422,lion,483,162,676,422
327.jpg,750,422,elephant,65,77,586,420
687.jpg,1769,1170,rhinoceros,764,612,1487,1010
687.jpg,1769,1170,rhinoceros,51,176,1681,924
c2.jpg,350,272,tiger,4,50,196,236
c2.jpg,350,272,dog,124,21,350,210
d114.jpg,600,375,dog,59,36,473,371
c50.jpg,962,754,tiger,463,81,935,729
c50.jpg,962,754,lion,31,154,535,720
755.jpg,3008,2000,hyena,790,76,2070,1971
1120.jpg,800,492,Crocodile,1,4,787,410
525.jpg,274,184,buffalo,60,28,217,114
m26.jpg,309,163,langur,61,48,176,138
m26.jpg,309,163,langur,123,21,181,110
712.jpg,650,436,rhinoceros,146,163,494,364
712.jpg,650,436,rhinoceros,68,79,393,385
1037.jpg,768,511,Hippopotamus,110,97,730,447
1053.jpg,748,508,Blackbuck,47,177,367,374
1053.jpg,748,508,Blackbuck,384,141,704,373
1053.jpg,748,508,Blackbuck,322,24,488,163
d147.jpg,670,305,dog,39,9,623,290
802.jpg,800,613,wolf,155,26,800,604
224.jpg,1200,800,bear,651,87,941,693
950.jpg,940,412,donkey,281,167,742,412
950.jpg,940,412,donkey,110,4,758,412
d52.jpg,1280,720,dog,456,94,1107,720
c11.jpg,960,720,dog,72,194,553,532
c11.jpg,960,720,tiger,256,123,606,628
58.jpg,750,563,Deer,274,1,746,563
595.jpg,700,394,elephant,66,90,516,323
160.jpg,1200,800,leopard,1,131,1122,709
605.jpg,1280,816,elephant,484,106,1102,676
605.jpg,1280,816,dog,446,514,588,628
605.jpg,1280,816,dog,342,518,452,638
605.jpg,1280,816,dog,250,530,356,646
605.jpg,1280,816,dog,152,470,246,660
605.jpg,1280,816,dog,98,500,172,604
605.jpg,1280,816,dog,260,496,302,556
d171.jpg,838,815,dog,35,57,475,799
d171.jpg,838,815,dog,365,28,775,782
c25.jpg,480,360,lion,7,115,239,283
c25.jpg,480,360,tiger,158,79,376,280
851.jpg,800,600,wolf,10,3,759,600
99.jpg,1280,720,lion,806,12,1160,680
99.jpg,1280,720,lion,348,178,700,416
99.jpg,1280,720,person,395,196,866,720
941.jpg,1105,1876,donkey,129,55,996,1731
1077.jpg,277,182,Crocodile,1,19,257,147
824.jpg,800,600,wolf,146,72,581,541
861.jpg,480,360,zebra,19,6,458,356
396.jpg,1300,1040,leopard,537,152,869,844
165.jpg,292,290,leopard,15,18,272,290
312.jpg,1382,887,lion,536,91,1306,536
312.jpg,1382,887,buffalo,47,267,1104,860
312.jpg,1382,887,buffalo,1,199,112,522
964.jpg,622,350,horse,92,6,445,342
279.jpg,660,435,Blackbuck,119,18,416,435
495.jpg,1200,859,buffalo,177,38,1045,814
51.jpg,2738,1825,Deer,258,7,2155,1825
244.jpg,1910,1000,bear,130,1,1594,1000
494.jpg,450,362,yak,124,100,209,291
494.jpg,450,362,yak,211,192,256,301
1113.jpg,1200,630,Crocodile,83,112,1186,482
d86.jpg,1280,720,dog,196,16,832,708
138.jpg,1920,996,Cheetah,26,35,1920,972
1028.jpg,650,433,Hippopotamus,78,24,566,395
c122.jpg,1200,827,dog,292,1,1141,764
c122.jpg,1200,827,tiger,509,316,1141,813
c122.jpg,1200,827,tiger,354,649,525,827
c122.jpg,1200,827,tiger,22,539,249,801
386.jpg,1000,667,Cheetah,377,90,641,648
c98.jpg,400,225,dog,1,101,160,224
c98.jpg,400,225,tiger,159,17,400,215
808.jpg,800,534,wolf,71,61,560,496
866.jpg,650,350,zebra,48,31,470,313
29.jpg,1300,956,tiger,467,113,884,821
93.jpg,1080,1920,lion,12,50,1080,1863
517.jpg,278,181,bison,29,26,187,176
725.jpg,1300,956,rhinoceros,172,271,1063,804
725.jpg,1300,956,rhinoceros,529,63,1245,689
515.jpg,800,533,buffalo,150,155,508,455
540.jpg,900,600,bison,291,81,874,534
c96.jpg,800,498,dog,48,35,430,448
c96.jpg,800,498,tiger,230,200,679,475
19.jpg,300,168,tiger,28,5,298,168
946.jpg,1200,811,donkey,102,105,904,742
406.jpg,284,470,leopard,70,36,238,420
1107.jpg,759,422,Crocodile,143,30,756,422
d124.jpg,900,450,dog,244,9,558,450
d44.jpg,1000,667,dog,603,59,1000,632
840.jpg,620,414,wolf,48,30,504,414
1119.jpg,400,276,Crocodile,55,46,353,231
c124.jpg,480,360,dog,18,101,255,323
c124.jpg,480,360,tiger,236,100,480,337
440.jpg,450,303,Cheetah,90,50,252,284
c66.jpg,450,287,leopard,10,1,247,287
c66.jpg,450,287,panther,213,61,449,287
1094.jpg,759,422,Crocodile,1,18,691,422
729.jpg,1024,768,rhinoceros,218,76,647,758
729.jpg,1024,768,rhinoceros,571,166,900,676
610.jpg,1600,1200,elephant,330,12,1175,1172
7.jpg,580,600,tiger,1,7,577,600
570.jpg,2121,1414,elephant,650,296,1696,1217
d33.jpg,1280,620,dog,440,28,1041,620
d3.jpg,1300,957,dog,149,90,629,805
d3.jpg,1300,957,dog,667,76,1163,784
250.jpg,259,194,bear,1,1,252,194
d48.jpg,615,386,dog,40,39,469,386
144.jpg,1280,720,leopard,786,221,1114,720
144.jpg,1280,720,leopard,1,15,1026,715
410.jpg,1300,956,Cheetah,216,330,539,581
d109.jpg,600,450,dog,162,1,446,450
253.jpg,480,360,Deer,37,26,318,270
55.jpg,510,600,Deer,38,58,487,543
321.jpg,780,1063,lion,131,33,681,1016
321.jpg,780,1063,buffalo,118,264,671,893
c103.jpg,480,360,tiger,229,49,479,287
c103.jpg,480,360,dog,6,120,249,298
374.jpg,1300,1297,bear,233,46,1145,1191
d82.jpg,800,450,dog,131,11,645,450
1007.jpg,1024,1024,Hippopotamus,116,208,959,828
377.jpg,863,1390,bear,255,390,855,1104
513.jpg,750,500,buffalo,343,125,694,370
513.jpg,750,500,buffalo,73,140,464,431
456.jpg,330,264,buffalo,30,54,314,205
297.jpg,480,360,Deer,36,126,140,261
297.jpg,480,360,Deer,32,123,166,249
297.jpg,480,360,Deer,84,170,189,260
297.jpg,480,360,Deer,183,118,293,266
297.jpg,480,360,Deer,248,112,379,261
297.jpg,480,360,Deer,365,97,442,270
439.jpg,236,354,Cheetah,10,39,225,348
649.jpg,960,540,elephant,434,239,518,494
649.jpg,960,540,elephant,533,241,662,462
649.jpg,960,540,elephant,653,239,807,481
649.jpg,960,540,elephant,772,263,892,481
649.jpg,960,540,elephant,237,266,336,400
649.jpg,960,540,elephant,113,244,262,441
649.jpg,960,540,elephant,50,244,131,400
649.jpg,960,540,person,6,316,73,540
649.jpg,960,540,person,101,304,172,516
649.jpg,960,540,person,163,321,221,533
649.jpg,960,540,person,239,307,313,525
649.jpg,960,540,person,306,306,371,500
649.jpg,960,540,person,390,310,453,507
649.jpg,960,540,person,531,321,603,509
649.jpg,960,540,person,893,339,947,472
649.jpg,960,540,person,784,201,850,278
649.jpg,960,540,person,678,181,736,269
649.jpg,960,540,person,574,183,643,241
649.jpg,960,540,person,468,183,515,248
649.jpg,960,540,person,377,191,422,271
649.jpg,960,540,person,283,203,340,283
649.jpg,960,540,person,181,192,230,271
649.jpg,960,540,person,77,209,142,259
86.jpg,342,300,lion,36,128,309,275
190.jpg,540,750,panther,140,167,540,743
1081.jpg,640,425,Crocodile,1,73,618,386
m34.jpg,640,395,langur,306,37,515,379
m34.jpg,640,395,langur,241,43,359,349
m34.jpg,640,395,langur,78,25,276,367
m34.jpg,640,395,langur,38,1,168,341
326.jpg,350,263,person,113,87,181,167
326.jpg,350,263,person,169,90,230,153
326.jpg,350,263,lion,28,115,305,237
m37.jpg,866,1390,langur,338,304,740,1012
1126.jpg,3438,1944,Crocodile,1141,291,3437,1628
831.jpg,759,422,wolf,221,1,649,422
580.jpg,400,400,elephant,1,1,398,398
852.jpg,1273,1910,zebra,278,679,1008,1676
852.jpg,1273,1910,zebra,736,582,1045,882
852.jpg,1273,1910,zebra,1,603,169,801
852.jpg,1273,1910,zebra,5,424,263,570
852.jpg,1273,1910,zebra,793,418,975,518
852.jpg,1273,1910,zebra,1111,515,1230,706
852.jpg,1273,1910,zebra,1060,421,1160,503
852.jpg,1273,1910,zebra,687,403,833,521
852.jpg,1273,1910,zebra,539,397,721,537
852.jpg,1273,1910,zebra,441,440,532,528
852.jpg,1273,1910,zebra,239,394,463,509
602.jpg,494,360,elephant,69,9,372,336
194.jpg,2515,1677,panther,273,576,1917,1288
648.jpg,620,376,elephant,248,70,611,340
648.jpg,620,376,person,397,75,452,142
530.jpg,500,333,bison,21,100,388,288
1055.jpg,390,280,Blackbuck,44,20,253,246
d7.jpg,300,168,dog,160,19,269,134
d7.jpg,300,168,person,193,1,246,118
c70.jpg,1070,580,panther,139,130,609,580
c70.jpg,1070,580,leopard,367,94,995,565
m24.jpg,220,321,langur,36,7,169,300
m2.jpg,259,194,langur,1,64,80,191
m2.jpg,259,194,langur,110,23,247,194
900.jpg,550,367,lion,349,230,430,302
900.jpg,550,367,zebra,335,165,453,272
900.jpg,550,367,zebra,251,184,369,273
900.jpg,550,367,zebra,1,193,151,296
900.jpg,550,367,Deer,178,227,287,290
1039.jpg,1200,900,Hippopotamus,51,9,1200,898
d190.jpg,900,450,dog,131,33,809,447
m6.jpg,512,429,monkey,51,20,363,405
272.jpg,640,447,Deer,212,123,415,429
1027.jpg,810,455,Hippopotamus,221,36,639,432
116.jpg,590,300,Cheetah,95,14,555,284
679.jpg,194,259,elephant,1,1,194,258
1059.jpg,1024,682,Blackbuck,1,132,681,675
776.jpg,850,567,hyena,235,79,730,434
16.jpg,275,183,tiger,1,6,238,177
736.jpg,345,520,rhinoceros,32,85,282,509
d95.jpg,275,183,dog,134,4,241,178
161.jpg,800,639,leopard,178,3,800,633
650.jpg,647,404,person,265,183,327,374
650.jpg,647,404,person,155,192,214,370
650.jpg,647,404,person,74,10,133,84
650.jpg,647,404,person,213,48,263,123
650.jpg,647,404,person,330,3,396,81
650.jpg,647,404,person,479,45,533,136
650.jpg,647,404,person,515,185,589,377
650.jpg,647,404,person,561,182,614,344
650.jpg,647,404,person,429,183,465,345
650.jpg,647,404,person,460,192,494,339
650.jpg,647,404,elephant,8,86,185,404
650.jpg,647,404,elephant,172,111,303,385
650.jpg,647,404,elephant,290,82,457,355
650.jpg,647,404,elephant,434,121,647,348
1082.jpg,1200,900,Crocodile,43,186,1049,862
799.jpg,1024,574,wolf,271,77,687,574
664.jpg,1300,866,elephant,274,65,1098,812
819.jpg,480,360,wolf,183,40,361,315
1043.jpg,647,363,Blackbuck,121,4,604,363
969.jpg,1024,683,horse,377,96,806,610
1019.jpg,1000,1000,Hippopotamus,27,258,985,805
437.jpg,1000,645,Cheetah,252,15,700,540
437.jpg,1000,645,Cheetah,577,9,933,643
d9.jpg,256,280,dog,30,17,233,252
611.jpg,647,404,elephant,64,226,194,325
611.jpg,647,404,elephant,212,157,440,324
332.jpg,1280,960,lion,1,170,532,846
332.jpg,1280,960,Deer,220,22,1140,934
618.jpg,480,360,elephant,13,69,419,312
1095.jpg,480,360,Crocodile,1,1,480,318
551.jpg,480,320,elephant,16,13,449,320
296.jpg,800,533,Blackbuck,101,45,517,463
c38.jpg,640,480,lion,110,53,400,427
c38.jpg,640,480,tiger,73,242,386,418
749.jpg,298,200,hyena,39,8,244,197
322.jpg,618,410,person,221,1,366,179
322.jpg,618,410,lion,52,113,616,410
623.jpg,800,533,elephant,154,58,720,530
710.jpg,715,489,rhinoceros,19,86,684,489
53.jpg,846,600,Deer,159,15,703,584
597.jpg,392,280,elephant,114,2,379,234
682.jpg,962,653,elephant,144,119,867,620
682.jpg,962,653,person,878,278,962,624
682.jpg,962,653,person,20,285,143,635
376.jpg,2000,1348,bear,1525,289,1841,995
376.jpg,2000,1348,bear,1,354,631,997
376.jpg,2000,1348,bear,484,223,1403,1133
988.jpg,1024,629,horse,111,128,905,562
581.jpg,276,183,elephant,173,90,255,147
581.jpg,276,183,elephant,31,27,194,146
1076.jpg,220,165,Crocodile,73,51,200,165
1076.jpg,220,165,Crocodile,22,13,208,125
924.jpg,1080,796,donkey,611,161,1028,739
924.jpg,1080,796,donkey,456,136,633,766
924.jpg,1080,796,donkey,82,156,499,751
c120.jpg,590,350,dog,454,187,574,278
c120.jpg,590,350,tiger,2,84,334,258
d160.jpg,1600,860,dog,568,97,1162,860
408.jpg,1024,682,leopard,108,210,656,560
619.jpg,770,514,elephant,81,110,735,419
723.jpg,699,1049,rhinoceros,98,301,576,932
348.jpg,962,652,lion,16,65,581,525
348.jpg,962,652,lion,729,227,962,392
348.jpg,962,652,Crocodile,519,284,798,522
27.jpg,215,234,tiger,5,29,125,231
27.jpg,215,234,tiger,98,6,212,206
770.jpg,250,287,hyena,39,17,206,281
d176.jpg,1839,1851,dog,87,31,1781,1799
c68.jpg,450,338,panther,49,19,296,336
c68.jpg,450,338,leopard,270,138,408,338
c75.jpg,1280,720,wolf,24,224,646,686
c75.jpg,1280,720,dog,718,342,1280,662
1042.jpg,2718,2688,Blackbuck,280,246,2459,2416
d41.jpg,2000,1396,dog,53,328,1990,1396
d41.jpg,2000,1396,monkey,1038,203,2000,1149
m5.jpg,570,428,monkey,187,40,568,428
d108.jpg,725,450,dog,117,77,722,449
923.jpg,866,1360,zebra,73,1,719,1303
276.jpg,866,1390,Blackbuck,46,200,737,1150
328.jpg,1920,1080,lion,969,191,1572,903
328.jpg,1920,1080,buffalo,417,309,1008,915
328.jpg,1920,1080,lion,284,458,842,961
335.jpg,775,518,lion,41,226,299,360
335.jpg,775,518,lion,426,152,724,326
335.jpg,775,518,Hippopotamus,298,221,599,346
d111.jpg,391,336,dog,28,27,355,306
218.jpg,220,330,bear,8,38,200,329
251.jpg,590,350,bear,72,5,413,350
c21.jpg,640,576,lion,74,98,373,572
c21.jpg,640,576,tiger,259,10,570,426
974.jpg,300,282,horse,51,6,253,276
267.jpg,601,900,Deer,100,215,562,900
232.jpg,401,417,bear,2,25,400,416
630.jpg,1920,1080,person,220,803,716,1080
630.jpg,1920,1080,elephant,5,3,1899,955
998.jpg,240,360,rhinoceros,36,7,240,358
274.jpg,393,280,Deer,155,13,320,263
c15.jpg,450,430,tiger,1,204,258,430
c15.jpg,450,430,dog,3,1,442,299
691.jpg,1600,600,rhinoceros,430,47,1575,597
1067.jpg,601,750,Blackbuck,49,14,601,750
1067.jpg,601,750,Blackbuck,47,12,599,748
845.jpg,340,520,wolf,103,159,291,485
928.jpg,1280,720,donkey,438,4,892,686
472.jpg,1300,942,bison,176,293,620,674
472.jpg,1300,942,hyena,533,470,837,693
872.jpg,1280,720,zebra,312,54,870,698
569.jpg,750,335,elephant,24,129,119,289
569.jpg,750,335,elephant,179,85,358,329
569.jpg,750,335,elephant,336,118,591,305
569.jpg,750,335,elephant,471,17,718,314
569.jpg,750,335,elephant,54,75,169,260
978.jpg,707,350,horse,53,4,474,350
784.jpg,205,155,hyena,36,3,142,154
66.jpg,441,395,Deer,91,79,351,353
234.jpg,299,168,bear,129,45,216,130
444.jpg,3344,2229,bison,508,430,2566,2014
200.jpg,842,595,panther,37,25,833,595
1125.jpg,1300,956,Crocodile,408,1,931,462
157.jpg,647,404,leopard,64,3,632,401
d185.jpg,460,290,dog,81,13,356,279
531.jpg,1368,450,buffalo,299,68,1036,368
658.jpg,500,526,person,1,74,179,515
658.jpg,500,526,elephant,51,9,497,526
882.jpg,1296,576,zebra,257,183,549,516
882.jpg,1296,576,zebra,710,105,1157,565
882.jpg,1296,576,zebra,600,89,890,532
882.jpg,1296,576,zebra,951,87,1270,546
882.jpg,1296,576,zebra,65,52,339,518
882.jpg,1296,576,zebra,272,32,394,277
882.jpg,1296,576,zebra,282,101,741,505
331.jpg,1024,681,lion,108,214,485,511
331.jpg,1024,681,zebra,445,238,903,445
907.jpg,415,306,zebra,5,123,389,306
907.jpg,415,306,person,222,8,413,258
958.jpg,221,335,donkey,33,30,178,334
d179.jpg,729,486,dog,150,25,570,479
363.jpg,346,510,bear,62,55,293,456
1021.jpg,3581,2387,Hippopotamus,572,422,2797,1753
636.jpg,615,409,elephant,88,45,476,374
636.jpg,615,409,Crocodile,416,118,537,367
783.jpg,765,539,hyena,119,87,560,489
860.jpg,1280,720,zebra,252,110,1160,670
533.jpg,550,412,bison,138,130,381,300
668.jpg,1300,957,elephant,223,111,806,817
422.jpg,1024,682,Cheetah,347,120,845,639
252.jpg,170,247,bear,40,45,126,247
433.jpg,852,480,Cheetah,164,96,426,392
868.jpg,1920,1082,zebra,335,350,837,1082
868.jpg,1920,1082,zebra,505,7,1781,1047
1072.jpg,450,320,Blackbuck,1,29,397,300
683.jpg,1860,1323,rhinoceros,6,152,1779,1117
d117.jpg,729,486,dog,112,26,712,476
685.jpg,220,139,rhinoceros,16,28,204,139
d183.jpg,680,544,dog,13,48,650,544
304.jpg,482,500,lion,57,38,461,480
m29.jpg,1300,936,langur,902,256,1214,665
m29.jpg,1300,936,langur,604,305,945,671
m29.jpg,1300,936,langur,408,279,643,669
m29.jpg,1300,936,langur,400,144,551,552
m29.jpg,1300,936,langur,8,303,367,767
c26.jpg,500,325,tiger,7,41,323,318
c26.jpg,500,325,lion,290,17,497,296
87.jpg,472,472,lion,84,44,404,448
d94.jpg,1000,750,dog,17,300,216,634
d94.jpg,1000,750,dog,231,264,395,593
d94.jpg,1000,750,dog,427,323,616,618
d94.jpg,1000,750,dog,627,346,814,709
d94.jpg,1000,750,dog,805,306,967,618
d94.jpg,1000,750,dog,414,70,619,529
991.jpg,1000,1000,Hippopotamus,22,237,988,798
105.jpg,620,380,lion,8,194,218,350
105.jpg,620,380,lion,144,54,604,367
m11.jpg,1200,630,monkey,60,64,578,630
m11.jpg,1200,630,monkey,455,201,805,630
m11.jpg,1200,630,monkey,704,77,1054,630
m11.jpg,1200,630,monkey,90,232,540,630
415.jpg,301,470,leopard,70,75,239,420
c74.jpg,1024,427,dog,29,260,140,408
c74.jpg,1024,427,dog,139,161,240,410
c74.jpg,1024,427,dog,217,66,356,389
c74.jpg,1024,427,dog,308,255,385,405
c74.jpg,1024,427,dog,350,69,513,403
c74.jpg,1024,427,dog,485,247,560,408
c74.jpg,1024,427,dog,472,16,614,363
c74.jpg,1024,427,dog,563,101,726,398
c74.jpg,1024,427,dog,650,219,763,401
c74.jpg,1024,427,dog,732,116,830,393
c74.jpg,1024,427,dog,822,164,910,397
c74.jpg,1024,427,dog,914,226,995,408
114.jpg,1600,900,Cheetah,25,191,1310,699
174.jpg,800,535,leopard,6,64,800,494
d19.jpg,360,240,dog,50,24,148,227
d19.jpg,360,240,dog,149,97,216,206
d19.jpg,360,240,dog,237,40,334,220
316.jpg,1024,683,lion,326,334,662,683
316.jpg,1024,683,lion,513,154,1024,680
316.jpg,1024,683,lion,1,34,537,683
d127.jpg,600,600,dog,114,112,579,526
m15.jpg,651,493,monkey,63,9,523,492
535.jpg,900,528,buffalo,193,97,391,426
535.jpg,900,528,buffalo,413,100,640,439
901.jpg,1024,768,zebra,50,360,948,706
901.jpg,1024,768,person,571,153,814,445
c69.jpg,2058,1256,panther,11,11,1261,1256
c69.jpg,2058,1256,leopard,958,2,2054,1256
684.jpg,1200,800,rhinoceros,124,166,1066,749
d191.jpg,2000,1000,dog,1000,2,1769,1000
986.jpg,284,177,horse,128,9,270,171
986.jpg,284,177,horse,51,6,171,163
204.jpg,300,300,panther,1,21,297,297
583.jpg,768,512,elephant,304,189,704,430
583.jpg,768,512,person,303,169,381,316
473.jpg,450,320,bison,76,13,377,263
761.jpg,770,448,hyena,147,123,416,401
761.jpg,770,448,hyena,387,120,680,377
62.jpg,777,437,Deer,198,21,598,437
330.jpg,700,455,buffalo,2,73,587,455
330.jpg,700,455,lion,276,97,671,310
330.jpg,700,455,lion,2,89,252,325
639.jpg,660,513,elephant,8,20,403,513
663.jpg,868,1390,elephant,73,36,753,1201
1054.jpg,800,600,Blackbuck,67,73,514,583
421.jpg,800,800,Cheetah,216,29,720,741
210.jpg,1200,628,panther,649,162,1064,545
m27.jpg,600,900,langur,240,401,394,697
m27.jpg,600,900,langur,70,79,513,729
d83.jpg,620,370,dog,5,63,538,336
d184.jpg,1280,870,dog,106,123,1156,853
855.jpg,220,208,zebra,119,48,187,202
855.jpg,220,208,zebra,149,57,206,123
855.jpg,220,208,zebra,67,40,123,195
855.jpg,220,208,zebra,20,51,82,188
855.jpg,220,208,zebra,1,42,80,113
855.jpg,220,208,zebra,177,57,220,146
c105.jpg,590,350,tiger,327,13,587,350
c105.jpg,590,350,dog,87,50,251,334
615.jpg,473,315,elephant,1,10,460,306
d6.jpg,700,467,dog,60,1,684,464
757.jpg,400,266,hyena,81,53,369,230
d12.jpg,325,285,dog,118,30,259,246
892.jpg,640,360,zebra,27,67,513,281
892.jpg,640,360,lion,341,1,640,287
c20.jpg,1280,720,tiger,730,266,1086,548
c20.jpg,1280,720,tiger,1028,180,1236,420
c20.jpg,1280,720,tiger,590,250,760,520
c20.jpg,1280,720,tiger,396,132,508,342
c20.jpg,1280,720,tiger,266,172,424,358
c20.jpg,1280,720,tiger,178,190,280,370
c20.jpg,1280,720,tiger,102,190,196,352
c20.jpg,1280,720,lion,6,326,554,720
1109.jpg,620,349,Crocodile,1,56,569,318
468.jpg,800,533,yak,159,109,543,524
349.jpg,1300,955,lion,496,126,1116,783
d51.jpg,782,529,dog,180,77,665,473
372.jpg,630,420,bear,52,57,359,381
372.jpg,630,420,bear,341,61,490,381
564.jpg,1200,798,elephant,488,261,1032,674
179.jpg,900,506,panther,14,141,812,400
c65.jpg,450,287,leopard,8,2,253,287
c65.jpg,450,287,panther,212,62,450,285
d186.jpg,1280,853,dog,150,26,948,810
368.jpg,1300,956,bear,161,4,1023,867
463.jpg,1300,955,buffalo,494,275,1067,802
549.jpg,1920,1080,elephant,566,1,1905,1080
549.jpg,1920,1080,person,511,412,930,1080
201.jpg,836,576,panther,21,9,790,576
411.jpg,600,900,leopard,49,180,600,833
894.jpg,1140,855,zebra,498,134,1089,516
894.jpg,1140,855,lion,30,150,507,516
102.jpg,847,567,lion,1,1,847,567
522.jpg,600,428,buffalo,47,131,370,370
522.jpg,600,428,buffalo,364,203,537,360
c81.jpg,1050,550,dog,518,237,945,550
c81.jpg,1050,550,dog,573,138,1050,463
c81.jpg,1050,550,dog,499,1,784,250
c81.jpg,1050,550,dog,54,15,518,270
c81.jpg,1050,550,dog,6,222,514,480
c81.jpg,1050,550,dog,148,300,534,548
100.jpg,432,269,lion,59,9,369,268
838.jpg,225,225,wolf,3,22,200,225
809.jpg,650,434,wolf,148,112,427,367
554.jpg,200,244,elephant,33,48,166,176
716.jpg,1755,1170,rhinoceros,194,1,1684,1170
152.jpg,259,194,leopard,7,13,204,194
d105.jpg,435,363,dog,29,13,412,314
d57.jpg,625,417,dog,75,21,434,417
309.jpg,600,900,lion,18,76,600,895
35.jpg,1300,956,tiger,220,253,602,791
35.jpg,1300,956,tiger,614,483,876,746
35.jpg,1300,956,tiger,555,402,829,632
c106.jpg,700,999,dog,230,499,695,916
c106.jpg,700,999,tiger,42,127,698,892
85.jpg,2000,1241,lion,978,211,1516,1158
85.jpg,2000,1241,lion,1294,283,1925,1064
85.jpg,2000,1241,lion,172,473,872,1039
85.jpg,2000,1241,lion,1,358,356,1029
85.jpg,2000,1241,lion,766,345,1103,826
1080.jpg,1280,720,Crocodile,242,257,1024,711
237.jpg,1200,800,bear,639,240,841,646
237.jpg,1200,800,bear,90,227,711,618
633.jpg,460,288,elephant,72,15,362,279
633.jpg,460,288,elephant,270,199,460,287
633.jpg,460,288,person,39,148,121,274
d168.jpg,600,536,dog,20,16,581,536
307.jpg,1024,683,lion,142,108,682,604
307.jpg,1024,683,lion,666,165,861,512
c90.jpg,640,360,tiger,332,12,638,360
c90.jpg,640,360,dog,3,2,640,319
865.jpg,1024,674,zebra,213,27,982,672
720.jpg,297,470,rhinoceros,9,4,293,447
d25.jpg,1023,952,dog,171,76,910,916
764.jpg,612,408,hyena,33,67,235,408
764.jpg,612,408,hyena,165,39,354,408
764.jpg,612,408,hyena,420,12,589,365
216.jpg,550,413,lion,1,87,217,393
216.jpg,550,413,lion,132,10,488,378
908.jpg,450,254,lion,183,22,330,120
908.jpg,450,254,lion,170,123,310,254
908.jpg,450,254,lion,1,153,123,249
908.jpg,450,254,lion,1,99,88,184
908.jpg,450,254,lion,8,64,149,141
908.jpg,450,254,lion,253,126,409,254
908.jpg,450,254,lion,405,92,450,163
908.jpg,450,254,zebra,77,86,437,223
652.jpg,660,495,person,1,217,81,411
652.jpg,660,495,person,86,22,169,128
652.jpg,660,495,person,204,64,284,160
652.jpg,660,495,person,342,97,380,186
652.jpg,660,495,person,421,89,472,172
652.jpg,660,495,person,540,127,580,188
652.jpg,660,495,person,636,240,660,351
652.jpg,660,495,person,569,239,600,368
652.jpg,660,495,person,526,241,560,356
652.jpg,660,495,person,405,221,450,361
652.jpg,660,495,person,330,214,382,364
652.jpg,660,495,person,186,218,268,393
652.jpg,660,495,elephant,2,102,195,415
652.jpg,660,495,elephant,167,107,318,372
652.jpg,660,495,elephant,299,163,416,366
652.jpg,660,495,elephant,378,141,513,369
652.jpg,660,495,elephant,540,154,625,365
1106.jpg,634,423,Crocodile,56,102,543,358
291.jpg,3528,2164,Deer,1591,578,3069,2089
1088.jpg,275,183,Crocodile,1,62,261,179
915.jpg,800,562,zebra,410,1,644,552
915.jpg,800,562,zebra,169,45,411,553
347.jpg,300,409,lion,23,47,277,393
42.jpg,185,272,Deer,19,16,185,271
d59.jpg,353,220,dog,28,6,290,220
909.jpg,840,558,hyena,305,65,706,476
909.jpg,840,558,hyena,226,174,420,356
d90.jpg,760,380,dog,49,34,587,361
147.jpg,590,390,leopard,31,15,558,390
c56.jpg,512,376,Cheetah,197,131,389,279
c56.jpg,512,376,Cheetah,90,231,223,327
c56.jpg,512,376,lion,1,38,512,309
587.jpg,1900,1068,elephant,268,1,1379,928
587.jpg,1900,1068,person,1368,446,1495,755
587.jpg,1900,1068,person,1659,470,1877,728
587.jpg,1900,1068,person,1389,264,1462,479
587.jpg,1900,1068,person,1001,225,1047,376
587.jpg,1900,1068,person,1077,213,1147,346
587.jpg,1900,1068,person,980,197,1019,306
587.jpg,1900,1068,person,153,416,432,713
587.jpg,1900,1068,person,1,428,219,652
587.jpg,1900,1068,person,241,252,377,513
587.jpg,1900,1068,person,413,285,495,476
587.jpg,1900,1068,person,689,313,822,488
587.jpg,1900,1068,person,641,246,719,403
587.jpg,1900,1068,person,571,125,695,246
587.jpg,1900,1068,person,565,200,641,306
587.jpg,1900,1068,person,477,209,556,334
587.jpg,1900,1068,person,483,164,565,279
587.jpg,1900,1068,person,283,188,386,322
587.jpg,1900,1068,person,232,216,356,343
587.jpg,1900,1068,person,101,203,262,394
587.jpg,1900,1068,person,738,240,816,358
d39.jpg,845,450,dog,123,10,566,450
22.jpg,892,1024,tiger,59,6,838,1024
476.jpg,800,533,yak,71,54,575,490
662.jpg,960,540,elephant,21,78,269,406
662.jpg,960,540,elephant,628,122,843,494
662.jpg,960,540,elephant,515,174,633,418
662.jpg,960,540,person,130,27,184,113
662.jpg,960,540,person,265,236,318,374
662.jpg,960,540,person,242,248,275,365
662.jpg,960,540,person,200,236,248,378
662.jpg,960,540,person,900,262,960,535
662.jpg,960,540,person,857,269,910,460
662.jpg,960,540,person,790,269,833,410
662.jpg,960,540,person,448,264,481,383
662.jpg,960,540,person,409,251,448,375
662.jpg,960,540,person,560,125,612,192
429.jpg,691,1024,Cheetah,284,220,505,697
429.jpg,691,1024,Cheetah,185,541,318,704
771.jpg,681,483,hyena,29,21,640,453
d113.jpg,736,552,dog,126,73,682,479
28.jpg,182,276,tiger,1,15,151,255
30.jpg,800,773,tiger,275,161,528,715
82.jpg,2048,2048,lion,4,11,2017,2048
c62.jpg,626,350,Deer,1,85,332,339
c62.jpg,626,350,leopard,283,9,621,350
d37.jpg,926,617,dog,95,31,869,617
295.jpg,500,333,Deer,96,26,158,107
295.jpg,500,333,Deer,168,35,226,111
295.jpg,500,333,Deer,154,45,251,114
295.jpg,500,333,Deer,181,91,301,227
295.jpg,500,333,Deer,249,54,328,151
295.jpg,500,333,Deer,254,38,327,116
295.jpg,500,333,Deer,279,42,390,94
295.jpg,500,333,Deer,329,28,390,86
295.jpg,500,333,Deer,458,31,500,111
295.jpg,500,333,Deer,394,78,494,217
295.jpg,500,333,Deer,400,117,483,260
295.jpg,500,333,Deer,181,10,428,324
295.jpg,500,333,Deer,4,25,226,271
295.jpg,500,333,Deer,1,37,42,97
931.jpg,324,205,donkey,73,4,228,202
m32.jpg,205,155,langur,28,60,71,142
m32.jpg,205,155,langur,28,19,199,134
d68.jpg,610,310,dog,133,216,236,310
d68.jpg,610,310,dog,175,13,501,310
c12.jpg,600,509,tiger,58,153,262,479
c12.jpg,600,509,dog,219,98,510,448
m22.jpg,625,938,monkey,218,517,540,870
m22.jpg,625,938,monkey,79,155,522,872
786.jpg,1300,957,hyena,237,72,747,809
508.jpg,750,500,buffalo,49,10,688,500
413.jpg,299,470,leopard,99,144,190,394
1102.jpg,400,266,Crocodile,36,40,400,230
577.jpg,304,202,elephant,118,114,189,187
577.jpg,304,202,elephant,146,113,209,187
577.jpg,304,202,elephant,1,33,155,191
577.jpg,304,202,elephant,169,55,294,194
1108.jpg,480,360,Crocodile,1,47,310,330
694.jpg,220,147,rhinoceros,40,56,161,145
694.jpg,220,147,rhinoceros,22,4,130,139
52.jpg,1900,1900,Deer,8,329,1586,1900
d14.jpg,260,280,dog,7,79,213,233
624.jpg,1600,1159,elephant,118,30,1523,945
64.jpg,244,243,Deer,17,5,222,232
122.jpg,1600,900,Cheetah,512,29,1600,892
193.jpg,615,409,panther,21,8,522,409
660.jpg,1600,1200,elephant,218,460,543,1045
660.jpg,1600,1200,elephant,575,422,925,1112
660.jpg,1600,1200,elephant,948,500,1250,1115
660.jpg,1600,1200,person,395,355,565,517
660.jpg,1600,1200,person,735,322,925,457
660.jpg,1600,1200,person,963,320,1118,512
660.jpg,1600,1200,person,1548,375,1600,489
660.jpg,1600,1200,person,1453,382,1543,540
660.jpg,1600,1200,person,1343,452,1465,557
31.jpg,600,900,tiger,55,179,531,900
151.jpg,400,267,leopard,48,35,344,253
d143.jpg,450,450,person,162,1,380,413
d143.jpg,450,450,dog,22,21,449,435
661.jpg,660,439,person,54,89,110,170
661.jpg,660,439,person,188,106,237,171
661.jpg,660,439,person,290,113,350,193
661.jpg,660,439,person,423,98,487,159
661.jpg,660,439,person,571,95,608,191
661.jpg,660,439,person,635,250,660,383
661.jpg,660,439,elephant,511,161,660,387
661.jpg,660,439,elephant,384,161,507,383
661.jpg,660,439,elephant,264,183,385,415
661.jpg,660,439,elephant,138,164,272,409
661.jpg,660,439,elephant,15,156,131,396
170.jpg,211,239,leopard,3,27,211,237
1016.jpg,350,235,Hippopotamus,43,39,318,193
c125.jpg,225,225,tiger,98,29,186,186
c125.jpg,225,225,dog,26,25,104,186
951.jpg,866,1300,donkey,110,55,757,1188
827.jpg,290,320,wolf,1,18,259,315
20.jpg,220,337,tiger,16,13,191,304
556.jpg,2000,1049,elephant,11,34,1447,1049
d135.jpg,1300,1065,dog,143,4,865,755
970.jpg,500,500,horse,1,27,366,497
339.jpg,1300,956,lion,186,132,680,818
511.jpg,423,299,buffalo,17,18,404,287
370.jpg,800,521,bear,1,249,145,407
370.jpg,800,521,bear,158,257,340,398
370.jpg,800,521,bear,364,245,529,410
370.jpg,800,521,bear,585,140,800,387
c53.jpg,1376,830,lion,596,91,1376,830
c53.jpg,1376,830,leopard,1,428,538,827
675.jpg,308,470,elephant,1,4,308,448
79.jpg,800,450,lion,218,11,574,450
79.jpg,800,450,lion,26,51,743,446
794.jpg,624,200,wolf,140,3,443,200
c101.jpg,1280,720,tiger,674,128,1280,630
c101.jpg,1280,720,dog,1,22,694,692
1033.jpg,877,500,Hippopotamus,5,1,707,403
451.jpg,924,604,bison,1,64,741,553
d2.jpg,974,1390,dog,80,317,934,1295
622.jpg,275,183,elephant,57,41,245,140
578.jpg,1100,619,elephant,1,6,753,584
897.jpg,1280,720,zebra,276,236,1178,644
897.jpg,1280,720,lion,278,374,1054,680
d18.jpg,900,675,dog,151,133,547,543
d18.jpg,900,675,dog,592,70,709,217
d18.jpg,900,675,dog,658,61,810,186
949.jpg,800,448,donkey,1,2,399,442
949.jpg,800,448,donkey,314,7,680,448
842.jpg,1000,667,wolf,8,56,702,667
166.jpg,550,289,leopard,21,9,540,284
697.jpg,4272,2848,rhinoceros,106,10,3279,2848
474.jpg,330,264,buffalo,32,52,321,216
751.jpg,960,634,hyena,1,122,712,588
455.jpg,1300,956,buffalo,378,167,892,824
455.jpg,1300,956,buffalo,731,342,929,577
455.jpg,1300,956,buffalo,706,195,1165,646
455.jpg,1300,956,buffalo,116,275,565,616
c16.jpg,480,360,dog,194,158,380,315
c16.jpg,480,360,tiger,1,46,280,309
995.jpg,800,600,Hippopotamus,23,343,283,553
995.jpg,800,600,Hippopotamus,211,1,800,432
262.jpg,264,191,Deer,23,12,210,155
795.jpg,300,225,wolf,37,62,197,200
940.jpg,644,362,donkey,193,11,462,362
388.jpg,450,306,leopard,179,1,332,268
584.jpg,1000,662,elephant,514,221,980,584
584.jpg,1000,662,elephant,506,237,931,526
584.jpg,1000,662,elephant,357,249,553,456
584.jpg,1000,662,elephant,258,42,981,454
584.jpg,1000,662,elephant,31,138,531,513
436.jpg,220,220,Cheetah,20,35,220,173
129.jpg,1100,618,Cheetah,87,21,318,521
129.jpg,1100,618,Cheetah,387,294,1056,618
129.jpg,1100,618,Cheetah,24,73,1100,530
314.jpg,600,450,lion,18,201,578,416
314.jpg,600,450,person,194,54,396,245
314.jpg,600,450,person,424,118,565,294
191.jpg,284,178,panther,45,1,234,178
954.jpg,1024,712,donkey,8,23,245,703
954.jpg,1024,712,donkey,340,1,647,706
954.jpg,1024,712,donkey,469,1,1006,701
380.jpg,340,270,bear,40,52,214,136
211.jpg,266,400,lion,23,27,225,393
c64.jpg,736,654,Cheetah,1,244,735,635
c64.jpg,736,654,panther,33,10,735,505
929.jpg,1280,720,donkey,360,1,962,700
d50.jpg,389,420,dog,18,30,303,420
621.jpg,1280,720,elephant,84,182,1068,716
621.jpg,1280,720,person,1042,194,1264,414
798.jpg,640,411,wolf,146,61,497,379
324.jpg,276,183,zebra,69,50,236,176
324.jpg,276,183,lion,128,17,276,131
1070.jpg,1920,1080,Blackbuck,72,447,1008,1020
1070.jpg,1920,1080,Blackbuck,972,420,1869,995
1070.jpg,1920,1080,Blackbuck,942,1,1302,910
d60.jpg,240,240,dog,38,43,199,194
1062.jpg,800,600,Blackbuck,208,26,636,600
1062.jpg,800,600,Deer,164,243,336,414
1062.jpg,800,600,Deer,41,262,208,596
1062.jpg,800,600,Deer,538,197,719,600
1062.jpg,800,600,Deer,1,138,81,501
1062.jpg,800,600,Deer,537,407,622,597
d26.jpg,300,450,dog,57,152,220,422
282.jpg,275,183,Deer,57,17,190,153
550.jpg,1200,899,elephant,38,26,1132,892
496.jpg,259,194,buffalo,40,38,206,152
496.jpg,259,194,buffalo,178,98,197,152
175.jpg,640,481,leopard,53,3,475,476
1005.jpg,800,531,Hippopotamus,91,3,800,525
d166.jpg,534,401,dog,186,6,405,401
112.jpg,1920,1080,Cheetah,799,656,1382,1080
112.jpg,1920,1080,Cheetah,4,110,1287,1080
844.jpg,450,253,wolf,77,35,162,212
844.jpg,450,253,wolf,155,38,260,239
844.jpg,450,253,wolf,234,5,353,239
d56.jpg,1847,1104,dog,67,122,1703,978
173.jpg,267,189,leopard,34,5,266,185
167.jpg,1920,1275,leopard,999,387,1890,1115
167.jpg,1920,1275,leopard,605,199,1172,1102
167.jpg,1920,1275,leopard,166,305,757,1042
792.jpg,2000,1000,wolf,456,2,1413,1000
792.jpg,2000,1000,dog,12,484,713,1000
792.jpg,2000,1000,dog,1281,284,2000,994
874.jpg,352,488,zebra,2,1,352,486
d157.jpg,520,471,dog,1,9,495,466
235.jpg,710,473,bear,289,243,397,407
235.jpg,710,473,bear,438,83,557,428
235.jpg,710,473,bear,99,188,236,397
235.jpg,710,473,bear,247,92,382,401
1041.jpg,3264,2448,Blackbuck,1079,178,2705,2289
693.jpg,794,447,rhinoceros,38,65,747,416
859.jpg,220,165,zebra,35,25,202,152
1047.jpg,270,300,Blackbuck,89,42,207,300
1047.jpg,270,300,Blackbuck,2,1,236,300
871.jpg,960,640,zebra,74,100,795,566
1112.jpg,625,313,Crocodile,30,103,613,247
692.jpg,600,341,rhinoceros,45,44,542,312
60.jpg,1200,922,Deer,28,32,1200,902
d154.jpg,645,380,dog,87,58,570,344
478.jpg,300,470,yak,122,125,290,369
478.jpg,300,470,yak,7,33,271,405
c109.jpg,590,350,tiger,1,83,352,271
c109.jpg,590,350,dog,448,189,572,275
502.jpg,1300,956,buffalo,388,177,886,818
502.jpg,1300,956,buffalo,686,353,920,655
502.jpg,1300,956,buffalo,94,253,541,604
502.jpg,1300,956,buffalo,678,200,1218,502
656.jpg,960,540,person,448,12,534,135
656.jpg,960,540,person,545,110,592,188
656.jpg,960,540,person,612,115,690,194
656.jpg,960,540,person,742,159,781,245
656.jpg,960,540,person,806,275,897,524
656.jpg,960,540,person,765,272,821,495
656.jpg,960,540,person,130,257,222,515
656.jpg,960,540,person,54,277,119,536
656.jpg,960,540,elephant,381,110,620,540
656.jpg,960,540,elephant,607,168,742,462
656.jpg,960,540,elephant,724,224,812,444
967.jpg,315,250,horse,1,1,313,250
1104.jpg,390,280,Crocodile,53,35,365,200
d152.jpg,190,295,dog,1,27,148,269
136.jpg,2400,1800,Cheetah,1134,28,2400,1470
d107.jpg,949,785,dog,97,65,839,685
593.jpg,4913,2373,elephant,294,1071,1771,2155
593.jpg,4913,2373,elephant,1279,1325,2132,2171
593.jpg,4913,2373,elephant,1348,986,2494,2163
593.jpg,4913,2373,elephant,2302,1402,3194,2086
593.jpg,4913,2373,elephant,2332,1086,3486,2148
593.jpg,4913,2373,elephant,3309,1425,3932,1971
593.jpg,4913,2373,elephant,3571,1186,4517,1863
d121.jpg,729,486,dog,128,14,499,466
856.jpg,1920,1080,zebra,145,128,1490,1031
142.jpg,400,225,leopard,45,46,400,223
643.jpg,602,400,elephant,1,166,86,381
643.jpg,602,400,elephant,102,149,216,378
643.jpg,602,400,elephant,237,162,317,386
643.jpg,602,400,elephant,324,128,424,379
643.jpg,602,400,elephant,420,158,516,400
643.jpg,602,400,elephant,501,139,593,387
643.jpg,602,400,person,14,88,73,167
643.jpg,602,400,person,79,223,119,387
643.jpg,602,400,person,129,71,189,155
643.jpg,602,400,person,173,210,209,380
643.jpg,602,400,person,207,227,239,372
643.jpg,602,400,person,229,221,274,383
643.jpg,602,400,person,250,100,304,170
643.jpg,602,400,person,352,53,401,134
643.jpg,602,400,person,303,219,347,385
643.jpg,602,400,person,422,220,476,390
643.jpg,602,400,person,425,105,474,181
643.jpg,602,400,person,508,78,563,143
643.jpg,602,400,person,502,230,549,384
643.jpg,602,400,person,585,228,599,386
318.jpg,1626,1030,lion,120,153,1551,1014
318.jpg,1626,1030,person,700,19,1036,535
552.jpg,560,400,elephant,31,2,506,380
215.jpg,1300,969,lion,186,48,1216,908
d116.jpg,888,695,dog,12,15,869,694
588.jpg,1200,800,elephant,164,7,1200,760
1003.jpg,1500,1354,Hippopotamus,28,46,1471,1312
427.jpg,500,334,Cheetah,92,75,304,217
427.jpg,500,334,Deer,255,157,393,265
947.jpg,1035,1200,donkey,1,24,660,1139
961.jpg,579,754,donkey,57,68,517,701
816.jpg,414,276,dog,223,128,402,254
816.jpg,414,276,dog,15,48,98,247
387.jpg,2592,3888,leopard,384,900,2402,3387
428.jpg,863,1390,Cheetah,1,558,689,1263
214.jpg,1300,866,lion,627,160,1147,603
214.jpg,1300,866,lion,161,62,739,725
d100.jpg,645,380,dog,282,22,597,380
443.jpg,500,390,bison,33,37,444,367
m36.jpg,480,360,langur,99,13,385,359
728.jpg,800,531,rhinoceros,43,128,616,490
d63.jpg,700,700,dog,30,42,662,690
d153.jpg,729,486,dog,156,74,360,405
d153.jpg,729,486,dog,319,153,553,379
d139.jpg,192,160,dog,21,49,85,145
d139.jpg,192,160,dog,91,12,187,143
753.jpg,700,461,hyena,98,84,509,444
538.jpg,3108,2168,buffalo,839,524,2189,1869
523.jpg,1200,847,buffalo,319,206,973,719
523.jpg,1200,847,buffalo,966,315,1200,691
523.jpg,1200,847,buffalo,717,206,1130,602
523.jpg,1200,847,buffalo,696,115,1151,368
572.jpg,2121,1414,elephant,400,143,1847,1414
c78.jpg,640,640,dog,95,84,384,633
c78.jpg,640,640,wolf,199,23,607,541
914.jpg,2048,1536,zebra,394,1,1517,1513
c47.jpg,550,432,lion,2,123,470,432
c47.jpg,550,432,tiger,223,10,543,431
984.jpg,1280,640,horse,3,24,1188,640
689.jpg,523,360,rhinoceros,6,40,421,349
689.jpg,523,360,rhinoceros,179,8,513,124
c83.jpg,460,288,wolf,32,45,460,256
c83.jpg,460,288,dog,239,56,441,260
c22.jpg,1157,973,tiger,594,209,1157,954
c22.jpg,1157,973,lion,1,1,780,909
735.jpg,866,1390,rhinoceros,157,358,722,1136
95.jpg,300,370,lion,1,8,300,368
d98.jpg,730,486,dog,91,52,414,486
1044.jpg,600,450,Blackbuck,162,65,586,392
425.jpg,886,1390,leopard,301,482,886,1155
280.jpg,681,1024,Blackbuck,180,153,520,925
c13.jpg,500,429,tiger,73,62,237,364
c13.jpg,500,429,dog,252,13,449,429
d118.jpg,500,500,dog,106,34,476,500
870.jpg,3008,2000,zebra,661,381,2499,1752
c72.jpg,243,208,leopard,85,2,243,199
c72.jpg,243,208,panther,1,1,132,208
300.jpg,357,328,Deer,63,7,256,328
676.jpg,450,319,elephant,234,21,450,251
1085.jpg,287,176,Crocodile,69,38,287,119
542.jpg,2592,3888,elephant,271,906,2365,3731
89.jpg,640,400,lion,43,49,575,360
886.jpg,1600,1067,zebra,1,36,1363,1065
484.jpg,759,422,bison,160,2,474,421
275.jpg,499,840,Deer,118,101,374,764
d38.jpg,1024,768,dog,50,24,1022,685
846.jpg,894,894,wolf,172,194,595,883
189.jpg,526,526,panther,65,55,506,447
133.jpg,636,358,Cheetah,1,37,617,219
133.jpg,636,358,person,2,186,566,324
50.jpg,438,350,Deer,16,8,409,307
182.jpg,1920,1080,panther,705,83,1598,1080
354.jpg,1000,1000,bear,231,67,763,931
135.jpg,729,425,Cheetah,115,8,515,415
997.jpg,1900,1900,Hippopotamus,9,80,1650,1900
c82.jpg,536,281,wolf,1,1,286,280
c82.jpg,536,281,dog,292,40,536,281
741.jpg,640,427,hyena,297,17,590,418
741.jpg,640,427,hyena,372,237,463,402
d67.jpg,1260,710,dog,139,13,928,710
512.jpg,750,498,buffalo,266,122,590,422
722.jpg,450,320,rhinoceros,62,25,341,299
731.jpg,960,760,rhinoceros,28,282,712,732
731.jpg,960,760,rhinoceros,1,3,913,675
d128.jpg,729,486,dog,94,22,471,473
d16.jpg,312,280,dog,34,79,139,237
d16.jpg,312,280,dog,151,22,303,232
d164.jpg,275,422,dog,38,15,237,415
1009.jpg,1925,1339,Hippopotamus,6,10,916,924
1009.jpg,1925,1339,Hippopotamus,832,387,1852,1007
m7.jpg,275,183,monkey,19,24,228,160
156.jpg,1000,645,Cheetah,362,348,659,509
156.jpg,1000,645,Cheetah,718,54,796,176
156.jpg,1000,645,Cheetah,721,172,832,293
156.jpg,1000,645,Cheetah,615,220,782,306
156.jpg,1000,645,Cheetah,520,186,650,311
156.jpg,1000,645,Cheetah,648,126,748,240
156.jpg,1000,645,Cheetah,21,173,1000,544
345.jpg,863,1390,lion,224,14,759,1254
255.jpg,1300,955,Deer,355,276,1223,684
671.jpg,600,900,elephant,52,265,569,900
11.jpg,800,500,tiger,28,63,672,423
c3.jpg,600,399,dog,217,94,434,357
c3.jpg,600,399,dog,220,78,523,290
c3.jpg,600,399,tiger,125,73,246,303
873.jpg,1900,1900,zebra,459,22,1900,1889
792.jpg,279,180,wolf,54,54,271,166
1025.jpg,1600,1067,Hippopotamus,5,129,1600,824
1111.jpg,1300,954,Crocodile,1,251,1202,771
973.jpg,555,600,horse,68,50,482,544
c108.jpg,700,432,dog,227,3,574,432
c108.jpg,700,432,tiger,105,10,700,345
d148.jpg,418,279,dog,15,13,404,270
972.jpg,299,168,horse,44,10,263,156
143.jpg,675,450,leopard,11,26,675,327
299.jpg,1024,678,Deer,219,39,661,632
d141.jpg,460,139,dog,87,18,327,137
14.jpg,264,191,tiger,3,24,158,191
1091.jpg,468,286,Crocodile,66,24,468,243
579.jpg,620,349,person,46,53,183,276
579.jpg,620,349,elephant,71,13,487,349
769.jpg,350,234,hyena,41,20,334,229
d189.jpg,1280,853,dog,198,148,990,768
464.jpg,866,1390,buffalo,23,1,850,1286
81.jpg,800,600,lion,183,52,771,582
645.jpg,333,500,elephant,23,21,316,500
1084.jpg,480,360,Crocodile,4,91,479,292
61.jpg,3343,2248,Deer,91,2,2703,2248
69.jpg,712,599,Deer,197,73,626,550
699.jpg,500,300,rhinoceros,47,15,461,275
801.jpg,650,430,wolf,124,57,409,397
930.jpg,750,536,donkey,60,61,678,448
d84.jpg,1200,900,dog,170,25,1136,887
441.jpg,390,280,Cheetah,81,84,179,224
832.jpg,685,385,wolf,18,14,488,385
1098.jpg,960,540,Crocodile,17,38,922,518
717.jpg,900,564,rhinoceros,41,137,820,502
469.jpg,800,535,bison,290,95,671,412
c55.jpg,700,396,leopard,95,271,393,376
c55.jpg,700,396,lion,139,52,484,366
881.jpg,2666,2000,zebra,920,541,2049,1454
881.jpg,2666,2000,zebra,124,575,1124,1512
207.jpg,1070,720,panther,305,106,1070,719
94.jpg,775,960,lion,22,13,761,960
c4.jpg,550,367,tiger,79,85,233,334
c4.jpg,550,367,dog,196,97,506,289
1029.jpg,421,285,Hippopotamus,33,41,412,284
164.jpg,1280,450,leopard,338,36,1156,450
980.jpg,600,375,horse,110,11,475,375
360.jpg,867,1390,bear,33,219,667,1086
202.jpg,203,248,panther,1,15,187,246
1057.jpg,235,156,Blackbuck,20,1,200,156
d43.jpg,931,524,dog,79,11,581,524
d70.jpg,2000,1335,person,681,245,1922,1214
231.jpg,650,400,bear,194,45,568,308
278.jpg,1024,683,Blackbuck,279,41,652,612
c29.jpg,800,452,lion,560,202,778,452
c29.jpg,800,452,tiger,37,72,481,452
c29.jpg,800,452,bear,246,7,636,452
1065.jpg,1300,953,Deer,237,44,1055,812
205.jpg,866,487,panther,1,35,525,465
359.jpg,1000,1000,bear,181,68,828,901
381.jpg,2546,2302,bear,393,127,2398,2302
754.jpg,500,375,hyena,136,40,326,304
1114.jpg,1300,954,Crocodile,47,32,1196,708
669.jpg,598,900,elephant,97,125,549,765
249.jpg,259,194,bear,53,30,232,166
460.jpg,800,533,buffalo,418,164,594,401
460.jpg,800,533,buffalo,268,161,423,353
460.jpg,800,533,buffalo,155,154,284,333
460.jpg,800,533,buffalo,164,106,405,240
460.jpg,800,533,buffalo,50,143,164,303
460.jpg,800,533,buffalo,1,158,64,310
71.jpg,1600,900,lion,350,17,1340,900
d66.jpg,1000,700,dog,119,45,1000,652
1060.jpg,440,295,Blackbuck,86,22,288,250
d85.jpg,640,425,dog,307,24,624,398
434.jpg,866,1390,Cheetah,348,143,839,1288
308.jpg,600,900,lion,19,72,599,899
479.jpg,1023,685,bison,1,1,821,685
1026.jpg,183,276,Hippopotamus,9,23,174,246
1008.jpg,900,600,Hippopotamus,1,72,750,596
527.jpg,1200,800,buffalo,175,132,1092,739
527.jpg,1200,800,buffalo,449,396,898,703
759.jpg,500,333,hyena,127,81,441,317
375.jpg,400,267,bear,88,75,313,216
c17.jpg,720,378,tiger,64,80,499,378
c17.jpg,720,378,dog,349,1,644,378
d31.jpg,1665,1463,dog,43,12,527,439
d31.jpg,1665,1463,dog,682,20,1285,475
d31.jpg,1665,1463,dog,1298,25,1648,483
d31.jpg,1665,1463,dog,1306,502,1653,947
d31.jpg,1665,1463,dog,729,499,1164,941
d31.jpg,1665,1463,dog,40,520,606,931
d31.jpg,1665,1463,dog,14,1075,614,1407
d31.jpg,1665,1463,dog,653,1047,1266,1394
d31.jpg,1665,1463,dog,1303,999,1665,1449
944.jpg,600,319,donkey,11,1,578,319
c23.jpg,259,194,lion,92,1,259,194
c23.jpg,259,194,tiger,1,50,125,194
c59.jpg,700,396,leopard,161,141,283,290
c59.jpg,700,396,lion,271,134,631,302
c59.jpg,700,396,lion,452,74,697,271
634.jpg,230,143,elephant,1,2,160,139
536.jpg,1024,678,bison,305,86,690,671
955.jpg,866,1390,donkey,261,93,654,975
338.jpg,1500,1077,lion,102,203,919,831
706.jpg,472,240,rhinoceros,65,9,395,234
120.jpg,480,240,Cheetah,110,21,479,239
617.jpg,1600,1200,elephant,398,77,1265,1040
617.jpg,1600,1200,hyena,1120,820,1505,1137
617.jpg,1600,1200,hyena,5,782,485,1130
617.jpg,1600,1200,elephant,173,685,440,950
383.jpg,1000,1000,bear,236,93,759,917
499.jpg,320,207,buffalo,73,29,306,184
528.jpg,787,573,buffalo,102,234,658,459
850.jpg,259,194,wolf,80,8,218,185
241.jpg,3200,1680,bear,85,312,2640,1607
101.jpg,732,510,lion,181,46,513,459
m9.jpg,2048,1366,monkey,1,101,1657,1363
719.jpg,1962,2616,rhinoceros,393,445,1622,2358
366.jpg,865,1390,bear,212,212,569,1006
989.jpg,1200,630,horse,341,1,654,630
989.jpg,1200,630,horse,736,215,892,530
989.jpg,1200,630,horse,243,356,570,564
c86.jpg,590,350,dog,19,111,520,279
c86.jpg,590,350,tiger,287,27,503,187
176.jpg,2093,1407,panther,953,374,2009,1184
10.jpg,612,405,tiger,157,87,527,351
896.jpg,1280,720,zebra,192,206,970,712
896.jpg,1280,720,lion,1,62,688,503
457.jpg,866,1390,buffalo,161,447,794,1121
457.jpg,866,1390,buffalo,37,312,324,658
423.jpg,1024,680,Cheetah,222,259,521,667
423.jpg,1024,680,Cheetah,442,66,1022,680
423.jpg,1024,680,person,274,130,385,390
458.jpg,1300,872,bison,657,315,1204,647
458.jpg,1300,872,bison,216,311,727,615
465.jpg,488,326,buffalo,74,88,337,233
465.jpg,488,326,buffalo,51,191,357,326
128.jpg,1024,763,Cheetah,388,78,960,602
563.jpg,2048,1407,elephant,804,787,1336,1178
563.jpg,2048,1407,elephant,1310,774,1575,1239
563.jpg,2048,1407,elephant,446,255,1520,1142
d159.jpg,220,220,dog,1,9,212,219
1089.jpg,960,1280,Crocodile,28,189,876,1207
131.jpg,926,679,Cheetah,532,111,849,666
131.jpg,926,679,Cheetah,1,53,567,665
1099.jpg,1600,898,Crocodile,1,12,1192,765
1079.jpg,220,165,Crocodile,1,2,205,108
898.jpg,480,360,zebra,35,76,343,305
898.jpg,480,360,tiger,211,47,438,308
420.jpg,318,470,Cheetah,32,168,138,452
420.jpg,318,470,Cheetah,64,22,286,470
750.jpg,500,482,hyena,50,41,445,449
c34.jpg,800,400,tiger,548,4,756,361
c34.jpg,800,400,lion,50,17,283,382
c34.jpg,800,400,leopard,318,88,524,396
254.jpg,395,280,Deer,135,37,368,247
139.jpg,1280,720,Cheetah,732,429,1184,665
139.jpg,1280,720,person,178,151,330,625
667.jpg,300,470,elephant,13,3,300,449
153.jpg,1600,900,leopard,124,394,1397,900
153.jpg,1600,900,leopard,1,6,1205,649
d11.jpg,607,1024,dog,135,47,472,952
1034.jpg,220,150,Hippopotamus,26,23,211,141
d134.jpg,510,360,dog,123,62,404,347
261.jpg,1300,951,Deer,163,178,1247,788
614.jpg,634,602,elephant,169,143,441,529
489.jpg,347,280,bison,66,92,262,232
620.jpg,602,402,elephant,49,65,592,341
310.jpg,600,900,lion,19,73,600,899
641.jpg,606,539,elephant,113,82,308,304
641.jpg,606,539,person,424,377,508,485
641.jpg,606,539,person,364,421,434,513
589.jpg,900,506,elephant,53,76,527,406
589.jpg,900,506,elephant,505,110,872,376
d126.jpg,750,458,dog,124,30,693,458
m10.jpg,980,551,monkey,152,46,975,549
110.jpg,1900,1068,Cheetah,68,301,1132,1026
110.jpg,1900,1068,Cheetah,1041,326,1900,922
110.jpg,1900,1068,Cheetah,259,53,1900,515
178.jpg,600,600,panther,45,165,562,431
1064.jpg,600,900,Blackbuck,17,118,586,900
547.jpg,1600,600,elephant,568,85,1509,600
547.jpg,1600,600,elephant,1,272,295,599
547.jpg,1600,600,elephant,1198,5,1600,526
d123.jpg,729,486,dog,103,23,643,485
555.jpg,1024,800,elephant,210,345,669,800
555.jpg,1024,800,elephant,1,40,742,743
c123.jpg,657,416,tiger,9,90,239,384
c123.jpg,657,416,tiger,529,117,657,393
c123.jpg,657,416,tiger,406,93,540,371
c123.jpg,657,416,dog,99,1,563,407
d93.jpg,1200,675,dog,187,123,638,646
177.jpg,1200,866,panther,40,92,1107,866
d151.jpg,956,1142,dog,61,113,895,1099
791.jpg,624,442,wolf,136,5,443,422
72.jpg,240,191,lion,50,100,217,175
72.jpg,240,191,lion,32,7,216,172
8.jpg,480,360,tiger,61,71,479,347
104.jpg,800,571,lion,171,58,800,547
1022.jpg,650,424,Hippopotamus,45,59,581,403
888.jpg,644,364,zebra,112,62,637,364
888.jpg,644,364,zebra,286,11,515,248
342.jpg,962,440,lion,7,98,334,351
342.jpg,962,440,lion,305,36,962,383
864.jpg,1046,698,zebra,173,20,942,652
1010.jpg,259,194,Hippopotamus,11,8,247,174
1074.jpg,1500,1101,Blackbuck,1,118,1304,976
594.jpg,960,540,elephant,2,27,421,540
594.jpg,960,540,donkey,536,10,932,540
c49.jpg,640,480,lion,251,120,549,362
c49.jpg,640,480,tiger,53,89,473,350
209.jpg,602,287,panther,40,49,553,268
743.jpg,1091,727,hyena,298,179,671,669
d54.jpg,1200,630,dog,65,7,839,630
705.jpg,960,540,rhinoceros,113,100,907,540
206.jpg,400,203,panther,5,11,388,191
364.jpg,112,217,bear,25,78,83,174
d45.jpg,630,640,dog,145,91,557,640
d74.jpg,1024,683,dog,106,4,891,683
905.jpg,600,400,zebra,334,69,530,270
905.jpg,600,400,zebra,352,29,523,201
905.jpg,600,400,Cheetah,75,232,195,346
d170.jpg,694,779,dog,1,60,691,779
d101.jpg,729,486,dog,124,30,664,468
54.jpg,1280,1280,Deer,106,124,1145,1280
582.jpg,1484,945,elephant,306,197,1034,562
582.jpg,1484,945,person,599,160,709,367
492.jpg,650,433,bison,161,107,465,380
979.jpg,2000,1000,horse,694,152,1700,1000
979.jpg,2000,1000,horse,24,184,1088,1000
199.jpg,1222,687,panther,218,37,825,686
1056.jpg,960,480,Blackbuck,235,52,514,413
1056.jpg,960,480,Deer,504,66,702,431
132.jpg,901,600,Cheetah,215,77,787,546
239.jpg,1200,675,bear,622,221,949,626
239.jpg,1200,675,tiger,147,179,690,604
745.jpg,304,228,hyena,103,89,236,194
745.jpg,304,228,Deer,208,126,241,191
c46.jpg,263,192,tiger,116,20,249,182
c46.jpg,263,192,lion,4,105,129,176
266.jpg,1300,866,Deer,390,84,923,827
d149.jpg,1600,1236,dog,108,155,728,1105
d149.jpg,1600,1236,dog,875,155,1545,1090
992.jpg,700,438,Hippopotamus,232,67,642,378
738.jpg,467,704,rhinoceros,48,143,365,598
561.jpg,590,350,elephant,230,8,467,343
561.jpg,590,350,elephant,214,3,590,300
12.jpg,512,320,tiger,140,88,512,276
12.jpg,512,320,tiger,187,35,457,264
438.jpg,680,1024,Cheetah,21,120,680,1020
m39.jpg,620,400,langur,29,53,319,392
m39.jpg,620,400,langur,169,96,603,400
384.jpg,1000,1000,bear,239,87,778,920
d28.jpg,450,356,dog,67,52,347,299
d21.jpg,204,280,dog,52,19,152,251
223.jpg,880,587,bear,136,95,498,285
223.jpg,880,587,bear,1,161,732,587
1024.jpg,800,498,Hippopotamus,394,199,800,486
1024.jpg,800,498,Hippopotamus,29,208,441,498
829.jpg,620,413,wolf,148,1,617,411
d155.jpg,2096,2400,dog,67,88,2052,2157
1083.jpg,400,258,Crocodile,1,106,380,240
c67.jpg,960,720,leopard,151,109,425,655
c67.jpg,960,720,panther,2,81,906,720
1004.jpg,1024,686,Hippopotamus,41,34,979,604
329.jpg,599,449,lion,190,128,386,313
329.jpg,599,449,lion,376,155,572,325
329.jpg,599,449,lion,1,167,208,335
329.jpg,599,449,person,222,27,355,223
294.jpg,275,183,Deer,69,34,274,183
294.jpg,275,183,Deer,1,108,32,183
d89.jpg,800,677,dog,69,37,733,657
d36.jpg,2880,3840,dog,303,432,2846,3794
608.jpg,1024,530,elephant,98,270,221,434
608.jpg,1024,530,elephant,348,305,430,416
608.jpg,1024,530,elephant,450,312,530,408
608.jpg,1024,530,elephant,479,278,595,415
608.jpg,1024,530,elephant,643,239,777,424
